2026-05-13 16:35:13,568 [Worker-7: Loading available Gradle versions] INFO  o.e.b.c.i.u.g.PublishedGradleVersions - Gradle version information cache is not available. Remote download required.
2026-05-15 11:11:16,799 [Worker-1: Loading available Gradle versions] INFO  o.e.b.c.i.u.g.PublishedGradleVersions - Gradle version information cache is out-of-date. Trying to update.
2026-05-15 15:56:22,282 [Worker-5: Loading available Gradle versions] INFO  o.e.b.c.i.u.g.PublishedGradleVersions - Gradle version information cache is up-to-date. Trying to read.
2026-05-15 15:57:03,264 [Worker-21: Importing Maven projects] INFO  o.e.m.c.i.l.LifecycleMappingFactory - Using org.eclipse.m2e.jdt.JarLifecycleMapping lifecycle mapping for MavenProject: com.jthread:api-gateway:0.0.1-SNAPSHOT @ /Users/jeeva/Documents/JRA/jThread/Workspace/microserviceworkspace/api-gateway/pom.xml.
2026-05-15 15:57:03,685 [Worker-21: Importing Maven projects] INFO  o.e.m.j.i.AbstractJavaProjectConfigurator - Adding source folder /api-gateway/src/main/java
2026-05-15 15:57:03,685 [Worker-21: Importing Maven projects] INFO  o.e.m.j.i.AbstractJavaProjectConfigurator - Adding resource folder /api-gateway/src/main/resources
2026-05-15 15:57:03,685 [Worker-21: Importing Maven projects] INFO  o.e.m.j.i.AbstractJavaProjectConfigurator - Adding resource folder /api-gateway/src/main/resources
2026-05-15 15:57:03,685 [Worker-21: Importing Maven projects] INFO  o.e.m.j.i.AbstractJavaProjectConfigurator - Adding source folder /api-gateway/src/test/java
2026-05-15 15:57:03,686 [Worker-21: Importing Maven projects] INFO  o.e.m.j.i.AbstractJavaProjectConfigurator - Adding resource folder /api-gateway/src/test/resources
2026-05-15 15:57:03,735 [Worker-21: Importing Maven projects] WARN  o.apache.maven.project.MavenProject - Plugin is modifying compileSourceRoots through clear(), which will not work in Maven 4.0.0. Use MavenProject.addCompileSourceRoot()/removeCompileSourceRoot() methods instead. If using a plugin, please upgrade to the latest version or report the issue to the plugin maintainer. To disable these warnings, set -Dmaven.project.sourceRoots.warningsDisabled=true on the command line, in the .mvn/maven.config file, or in project POM properties.
2026-05-15 15:57:03,736 [Worker-21: Importing Maven projects] WARN  o.apache.maven.project.MavenProject - Plugin is modifying compileSourceRoots through add(), which will not work in Maven 4.0.0. Use MavenProject.addCompileSourceRoot()/removeCompileSourceRoot() methods instead. If using a plugin, please upgrade to the latest version or report the issue to the plugin maintainer. To disable these warnings, set -Dmaven.project.sourceRoots.warningsDisabled=true on the command line, in the .mvn/maven.config file, or in project POM properties.
2026-05-15 15:57:03,736 [Worker-21: Importing Maven projects] WARN  o.apache.maven.project.MavenProject - Plugin is modifying testCompileSourceRoots through clear(), which will not work in Maven 4.0.0. Use MavenProject.addTestCompileSourceRoot()/removeTestCompileSourceRoot() methods instead. If using a plugin, please upgrade to the latest version or report the issue to the plugin maintainer. To disable these warnings, set -Dmaven.project.sourceRoots.warningsDisabled=true on the command line, in the .mvn/maven.config file, or in project POM properties.
2026-05-15 15:57:03,736 [Worker-21: Importing Maven projects] WARN  o.apache.maven.project.MavenProject - Plugin is modifying testCompileSourceRoots through add(), which will not work in Maven 4.0.0. Use MavenProject.addTestCompileSourceRoot()/removeTestCompileSourceRoot() methods instead. If using a plugin, please upgrade to the latest version or report the issue to the plugin maintainer. To disable these warnings, set -Dmaven.project.sourceRoots.warningsDisabled=true on the command line, in the .mvn/maven.config file, or in project POM properties.
2026-05-15 15:57:03,743 [Worker-21: Importing Maven projects] INFO  o.e.m.c.i.p.ProjectConfigurationManager - Imported and configured 1 project(s) in 0 sec
2026-05-15 15:57:04,225 [Worker-22: Building] INFO  o.a.m.s.f.DefaultMavenResourcesFiltering - Copying 1 resource from src/main/resources to target/classes
2026-05-15 15:57:04,229 [Worker-22: Building] INFO  o.a.m.s.f.DefaultMavenResourcesFiltering - Copying 0 resource from src/main/resources to target/classes
2026-05-15 15:57:04,231 [Worker-22: Building] INFO  o.a.m.s.f.DefaultMavenResourcesFiltering - skip non existing resourceDirectory /Users/jeeva/Documents/JRA/jThread/Workspace/microserviceworkspace/api-gateway/src/test/resources
2026-05-15 15:57:04,329 [Worker-22: Building] WARN  o.apache.maven.project.MavenProject - Plugin is modifying compileSourceRoots through clear(), which will not work in Maven 4.0.0. Use MavenProject.addCompileSourceRoot()/removeCompileSourceRoot() methods instead. If using a plugin, please upgrade to the latest version or report the issue to the plugin maintainer. To disable these warnings, set -Dmaven.project.sourceRoots.warningsDisabled=true on the command line, in the .mvn/maven.config file, or in project POM properties.
2026-05-15 15:57:04,329 [Worker-22: Building] WARN  o.apache.maven.project.MavenProject - Plugin is modifying compileSourceRoots through add(), which will not work in Maven 4.0.0. Use MavenProject.addCompileSourceRoot()/removeCompileSourceRoot() methods instead. If using a plugin, please upgrade to the latest version or report the issue to the plugin maintainer. To disable these warnings, set -Dmaven.project.sourceRoots.warningsDisabled=true on the command line, in the .mvn/maven.config file, or in project POM properties.
2026-05-15 15:57:04,329 [Worker-22: Building] WARN  o.apache.maven.project.MavenProject - Plugin is modifying testCompileSourceRoots through clear(), which will not work in Maven 4.0.0. Use MavenProject.addTestCompileSourceRoot()/removeTestCompileSourceRoot() methods instead. If using a plugin, please upgrade to the latest version or report the issue to the plugin maintainer. To disable these warnings, set -Dmaven.project.sourceRoots.warningsDisabled=true on the command line, in the .mvn/maven.config file, or in project POM properties.
2026-05-15 15:57:04,329 [Worker-22: Building] WARN  o.apache.maven.project.MavenProject - Plugin is modifying testCompileSourceRoots through add(), which will not work in Maven 4.0.0. Use MavenProject.addTestCompileSourceRoot()/removeTestCompileSourceRoot() methods instead. If using a plugin, please upgrade to the latest version or report the issue to the plugin maintainer. To disable these warnings, set -Dmaven.project.sourceRoots.warningsDisabled=true on the command line, in the .mvn/maven.config file, or in project POM properties.
2026-05-15 15:57:04,815 [Worker-2: Download sources and javadoc] INFO  o.e.m.c.i.e.AbstractTransferListenerAdapter - Downloading https://repo.maven.apache.org/maven2/org/springframework/cloud/spring-cloud-starter-gateway-server-webflux/4.3.4/spring-cloud-starter-gateway-server-webflux-4.3.4-javadoc.jar
2026-05-15 15:57:04,820 [Worker-2: Download sources and javadoc] INFO  o.e.m.c.i.e.AbstractTransferListenerAdapter - Downloaded https://repo.maven.apache.org/maven2/org/springframework/cloud/spring-cloud-starter-gateway-server-webflux/4.3.4/spring-cloud-starter-gateway-server-webflux-4.3.4-javadoc.jar
2026-05-15 15:57:04,821 [Worker-2: Download sources and javadoc] INFO  o.e.m.j.internal.DownloadSourcesJob - Downloaded javadoc for org.springframework.cloud:spring-cloud-starter-gateway-server-webflux:4.3.4
2026-05-15 15:57:05,215 [Worker-2: Download sources and javadoc] INFO  o.e.m.c.i.e.AbstractTransferListenerAdapter - Downloaded https://repo.maven.apache.org/maven2/org/springframework/cloud/spring-cloud-starter-netflix-eureka-client/4.3.2/spring-cloud-starter-netflix-eureka-client-4.3.2-javadoc.jar
2026-05-15 15:57:05,218 [Worker-2: Download sources and javadoc] ERROR o.e.m.j.internal.DownloadSourcesJob - Could not download javadoc for org.springframework.cloud:spring-cloud-starter-netflix-eureka-client:4.3.2
org.eclipse.core.runtime.CoreException: Could not resolve artifact org.springframework.cloud:spring-cloud-starter-netflix-eureka-client:jar:javadoc:4.3.2
	at org.eclipse.m2e.core.internal.embedder.MavenImpl.lambda$7(MavenImpl.java:581)
	at org.eclipse.m2e.core.internal.embedder.MavenExecutionContext.executeBare(MavenExecutionContext.java:462)
	at org.eclipse.m2e.core.internal.embedder.MavenExecutionContext.execute(MavenExecutionContext.java:295)
	at org.eclipse.m2e.core.internal.embedder.MavenExecutionContext.execute(MavenExecutionContext.java:281)
	at org.eclipse.m2e.core.internal.embedder.MavenImpl.resolve(MavenImpl.java:550)
	at org.eclipse.m2e.core.internal.embedder.MavenImpl.resolve(MavenImpl.java:535)
	at org.eclipse.m2e.jdt.internal.DownloadSourcesJob.download(DownloadSourcesJob.java:308)
	at org.eclipse.m2e.jdt.internal.DownloadSourcesJob.downloadAttachments(DownloadSourcesJob.java:294)
	at org.eclipse.m2e.jdt.internal.DownloadSourcesJob.downloadMaven(DownloadSourcesJob.java:252)
	at org.eclipse.m2e.jdt.internal.DownloadSourcesJob.downloadFilesAndPopulateToUpdate(DownloadSourcesJob.java:220)
	at org.eclipse.m2e.jdt.internal.DownloadSourcesJob.lambda$0(DownloadSourcesJob.java:149)
	at org.eclipse.m2e.core.internal.embedder.MavenExecutionContext.executeBare(MavenExecutionContext.java:462)
	at org.eclipse.m2e.core.internal.embedder.MavenExecutionContext.execute(MavenExecutionContext.java:342)
	at org.eclipse.m2e.core.internal.embedder.MavenExecutionContext.execute(MavenExecutionContext.java:281)
	at org.eclipse.m2e.core.embedder.IMaven.execute(IMaven.java:300)
	at org.eclipse.m2e.jdt.internal.DownloadSourcesJob.run(DownloadSourcesJob.java:149)
	at org.eclipse.core.internal.jobs.Worker.run(Worker.java:63)
2026-05-15 15:57:25,390 [Worker-1: Importing Maven projects] INFO  o.e.m.c.i.l.LifecycleMappingFactory - Using org.eclipse.m2e.jdt.JarLifecycleMapping lifecycle mapping for MavenProject: com.jthread:product-service:0.0.1-SNAPSHOT @ /Users/jeeva/Documents/JRA/jThread/Workspace/microserviceworkspace/product-service/pom.xml.
2026-05-15 15:57:25,551 [Worker-1: Importing Maven projects] INFO  o.e.m.j.i.AbstractJavaProjectConfigurator - Adding source folder /product-service/src/main/java
2026-05-15 15:57:25,551 [Worker-1: Importing Maven projects] INFO  o.e.m.j.i.AbstractJavaProjectConfigurator - Adding resource folder /product-service/src/main/resources
2026-05-15 15:57:25,552 [Worker-1: Importing Maven projects] INFO  o.e.m.j.i.AbstractJavaProjectConfigurator - Adding resource folder /product-service/src/main/resources
2026-05-15 15:57:25,552 [Worker-1: Importing Maven projects] INFO  o.e.m.j.i.AbstractJavaProjectConfigurator - Adding source folder /product-service/src/test/java
2026-05-15 15:57:25,552 [Worker-1: Importing Maven projects] INFO  o.e.m.j.i.AbstractJavaProjectConfigurator - Adding resource folder /product-service/src/test/resources
2026-05-15 15:57:25,578 [Worker-1: Importing Maven projects] WARN  o.apache.maven.project.MavenProject - Plugin is modifying compileSourceRoots through clear(), which will not work in Maven 4.0.0. Use MavenProject.addCompileSourceRoot()/removeCompileSourceRoot() methods instead. If using a plugin, please upgrade to the latest version or report the issue to the plugin maintainer. To disable these warnings, set -Dmaven.project.sourceRoots.warningsDisabled=true on the command line, in the .mvn/maven.config file, or in project POM properties.
2026-05-15 15:57:25,578 [Worker-1: Importing Maven projects] WARN  o.apache.maven.project.MavenProject - Plugin is modifying compileSourceRoots through add(), which will not work in Maven 4.0.0. Use MavenProject.addCompileSourceRoot()/removeCompileSourceRoot() methods instead. If using a plugin, please upgrade to the latest version or report the issue to the plugin maintainer. To disable these warnings, set -Dmaven.project.sourceRoots.warningsDisabled=true on the command line, in the .mvn/maven.config file, or in project POM properties.
2026-05-15 15:57:25,578 [Worker-1: Importing Maven projects] WARN  o.apache.maven.project.MavenProject - Plugin is modifying testCompileSourceRoots through clear(), which will not work in Maven 4.0.0. Use MavenProject.addTestCompileSourceRoot()/removeTestCompileSourceRoot() methods instead. If using a plugin, please upgrade to the latest version or report the issue to the plugin maintainer. To disable these warnings, set -Dmaven.project.sourceRoots.warningsDisabled=true on the command line, in the .mvn/maven.config file, or in project POM properties.
2026-05-15 15:57:25,578 [Worker-1: Importing Maven projects] WARN  o.apache.maven.project.MavenProject - Plugin is modifying testCompileSourceRoots through add(), which will not work in Maven 4.0.0. Use MavenProject.addTestCompileSourceRoot()/removeTestCompileSourceRoot() methods instead. If using a plugin, please upgrade to the latest version or report the issue to the plugin maintainer. To disable these warnings, set -Dmaven.project.sourceRoots.warningsDisabled=true on the command line, in the .mvn/maven.config file, or in project POM properties.
2026-05-15 15:57:25,581 [Worker-1: Importing Maven projects] INFO  o.e.m.c.i.p.ProjectConfigurationManager - Imported and configured 1 project(s) in 0 sec
2026-05-15 15:57:25,789 [Worker-24: Building] INFO  o.a.m.s.f.DefaultMavenResourcesFiltering - Copying 1 resource from src/main/resources to target/classes
2026-05-15 15:57:25,793 [Worker-24: Building] INFO  o.a.m.s.f.DefaultMavenResourcesFiltering - Copying 0 resource from src/main/resources to target/classes
2026-05-15 15:57:25,795 [Worker-24: Building] INFO  o.a.m.s.f.DefaultMavenResourcesFiltering - skip non existing resourceDirectory /Users/jeeva/Documents/JRA/jThread/Workspace/microserviceworkspace/product-service/src/test/resources
2026-05-15 15:57:25,801 [Worker-24: Building] WARN  o.apache.maven.project.MavenProject - Plugin is modifying compileSourceRoots through clear(), which will not work in Maven 4.0.0. Use MavenProject.addCompileSourceRoot()/removeCompileSourceRoot() methods instead. If using a plugin, please upgrade to the latest version or report the issue to the plugin maintainer. To disable these warnings, set -Dmaven.project.sourceRoots.warningsDisabled=true on the command line, in the .mvn/maven.config file, or in project POM properties.
2026-05-15 15:57:25,801 [Worker-24: Building] WARN  o.apache.maven.project.MavenProject - Plugin is modifying compileSourceRoots through add(), which will not work in Maven 4.0.0. Use MavenProject.addCompileSourceRoot()/removeCompileSourceRoot() methods instead. If using a plugin, please upgrade to the latest version or report the issue to the plugin maintainer. To disable these warnings, set -Dmaven.project.sourceRoots.warningsDisabled=true on the command line, in the .mvn/maven.config file, or in project POM properties.
2026-05-15 15:57:25,801 [Worker-24: Building] WARN  o.apache.maven.project.MavenProject - Plugin is modifying testCompileSourceRoots through clear(), which will not work in Maven 4.0.0. Use MavenProject.addTestCompileSourceRoot()/removeTestCompileSourceRoot() methods instead. If using a plugin, please upgrade to the latest version or report the issue to the plugin maintainer. To disable these warnings, set -Dmaven.project.sourceRoots.warningsDisabled=true on the command line, in the .mvn/maven.config file, or in project POM properties.
2026-05-15 15:57:25,801 [Worker-24: Building] WARN  o.apache.maven.project.MavenProject - Plugin is modifying testCompileSourceRoots through add(), which will not work in Maven 4.0.0. Use MavenProject.addTestCompileSourceRoot()/removeTestCompileSourceRoot() methods instead. If using a plugin, please upgrade to the latest version or report the issue to the plugin maintainer. To disable these warnings, set -Dmaven.project.sourceRoots.warningsDisabled=true on the command line, in the .mvn/maven.config file, or in project POM properties.
2026-05-15 15:57:26,850 [Worker-13: Building] INFO  o.a.m.s.f.DefaultMavenResourcesFiltering - Copying 1 resource from src/main/resources to target/classes
2026-05-15 15:57:26,850 [Worker-13: Building] INFO  o.a.m.s.f.DefaultMavenResourcesFiltering - Copying 0 resource from src/main/resources to target/classes
2026-05-15 15:57:26,851 [Worker-13: Building] INFO  o.a.m.s.f.DefaultMavenResourcesFiltering - skip non existing resourceDirectory /Users/jeeva/Documents/JRA/jThread/Workspace/microserviceworkspace/product-service/src/test/resources
2026-05-15 15:57:26,856 [Worker-13: Building] WARN  o.apache.maven.project.MavenProject - Plugin is modifying compileSourceRoots through clear(), which will not work in Maven 4.0.0. Use MavenProject.addCompileSourceRoot()/removeCompileSourceRoot() methods instead. If using a plugin, please upgrade to the latest version or report the issue to the plugin maintainer. To disable these warnings, set -Dmaven.project.sourceRoots.warningsDisabled=true on the command line, in the .mvn/maven.config file, or in project POM properties.
2026-05-15 15:57:26,856 [Worker-13: Building] WARN  o.apache.maven.project.MavenProject - Plugin is modifying compileSourceRoots through add(), which will not work in Maven 4.0.0. Use MavenProject.addCompileSourceRoot()/removeCompileSourceRoot() methods instead. If using a plugin, please upgrade to the latest version or report the issue to the plugin maintainer. To disable these warnings, set -Dmaven.project.sourceRoots.warningsDisabled=true on the command line, in the .mvn/maven.config file, or in project POM properties.
2026-05-15 15:57:26,857 [Worker-13: Building] WARN  o.apache.maven.project.MavenProject - Plugin is modifying testCompileSourceRoots through clear(), which will not work in Maven 4.0.0. Use MavenProject.addTestCompileSourceRoot()/removeTestCompileSourceRoot() methods instead. If using a plugin, please upgrade to the latest version or report the issue to the plugin maintainer. To disable these warnings, set -Dmaven.project.sourceRoots.warningsDisabled=true on the command line, in the .mvn/maven.config file, or in project POM properties.
2026-05-15 15:57:26,857 [Worker-13: Building] WARN  o.apache.maven.project.MavenProject - Plugin is modifying testCompileSourceRoots through add(), which will not work in Maven 4.0.0. Use MavenProject.addTestCompileSourceRoot()/removeTestCompileSourceRoot() methods instead. If using a plugin, please upgrade to the latest version or report the issue to the plugin maintainer. To disable these warnings, set -Dmaven.project.sourceRoots.warningsDisabled=true on the command line, in the .mvn/maven.config file, or in project POM properties.
2026-05-15 15:57:43,096 [Worker-21: Importing Maven projects] INFO  o.e.m.c.i.l.LifecycleMappingFactory - Using org.eclipse.m2e.jdt.JarLifecycleMapping lifecycle mapping for MavenProject: com.jthread:order-service:0.0.1-SNAPSHOT @ /Users/jeeva/Documents/JRA/jThread/Workspace/microserviceworkspace/order-service/pom.xml.
2026-05-15 15:57:43,266 [Worker-21: Importing Maven projects] INFO  o.e.m.j.i.AbstractJavaProjectConfigurator - Adding source folder /order-service/src/main/java
2026-05-15 15:57:43,266 [Worker-21: Importing Maven projects] INFO  o.e.m.j.i.AbstractJavaProjectConfigurator - Adding resource folder /order-service/src/main/resources
2026-05-15 15:57:43,266 [Worker-21: Importing Maven projects] INFO  o.e.m.j.i.AbstractJavaProjectConfigurator - Adding resource folder /order-service/src/main/resources
2026-05-15 15:57:43,266 [Worker-21: Importing Maven projects] INFO  o.e.m.j.i.AbstractJavaProjectConfigurator - Adding source folder /order-service/src/test/java
2026-05-15 15:57:43,266 [Worker-21: Importing Maven projects] INFO  o.e.m.j.i.AbstractJavaProjectConfigurator - Adding resource folder /order-service/src/test/resources
2026-05-15 15:57:43,299 [Worker-21: Importing Maven projects] WARN  o.apache.maven.project.MavenProject - Plugin is modifying compileSourceRoots through clear(), which will not work in Maven 4.0.0. Use MavenProject.addCompileSourceRoot()/removeCompileSourceRoot() methods instead. If using a plugin, please upgrade to the latest version or report the issue to the plugin maintainer. To disable these warnings, set -Dmaven.project.sourceRoots.warningsDisabled=true on the command line, in the .mvn/maven.config file, or in project POM properties.
2026-05-15 15:57:43,299 [Worker-21: Importing Maven projects] WARN  o.apache.maven.project.MavenProject - Plugin is modifying compileSourceRoots through add(), which will not work in Maven 4.0.0. Use MavenProject.addCompileSourceRoot()/removeCompileSourceRoot() methods instead. If using a plugin, please upgrade to the latest version or report the issue to the plugin maintainer. To disable these warnings, set -Dmaven.project.sourceRoots.warningsDisabled=true on the command line, in the .mvn/maven.config file, or in project POM properties.
2026-05-15 15:57:43,299 [Worker-21: Importing Maven projects] WARN  o.apache.maven.project.MavenProject - Plugin is modifying testCompileSourceRoots through clear(), which will not work in Maven 4.0.0. Use MavenProject.addTestCompileSourceRoot()/removeTestCompileSourceRoot() methods instead. If using a plugin, please upgrade to the latest version or report the issue to the plugin maintainer. To disable these warnings, set -Dmaven.project.sourceRoots.warningsDisabled=true on the command line, in the .mvn/maven.config file, or in project POM properties.
2026-05-15 15:57:43,299 [Worker-21: Importing Maven projects] WARN  o.apache.maven.project.MavenProject - Plugin is modifying testCompileSourceRoots through add(), which will not work in Maven 4.0.0. Use MavenProject.addTestCompileSourceRoot()/removeTestCompileSourceRoot() methods instead. If using a plugin, please upgrade to the latest version or report the issue to the plugin maintainer. To disable these warnings, set -Dmaven.project.sourceRoots.warningsDisabled=true on the command line, in the .mvn/maven.config file, or in project POM properties.
2026-05-15 15:57:43,302 [Worker-21: Importing Maven projects] INFO  o.e.m.c.i.p.ProjectConfigurationManager - Imported and configured 1 project(s) in 0 sec
2026-05-15 15:57:43,469 [Worker-7: Building] INFO  o.a.m.s.f.DefaultMavenResourcesFiltering - Copying 1 resource from src/main/resources to target/classes
2026-05-15 15:57:43,474 [Worker-7: Building] INFO  o.a.m.s.f.DefaultMavenResourcesFiltering - Copying 0 resource from src/main/resources to target/classes
2026-05-15 15:57:43,475 [Worker-7: Building] INFO  o.a.m.s.f.DefaultMavenResourcesFiltering - skip non existing resourceDirectory /Users/jeeva/Documents/JRA/jThread/Workspace/microserviceworkspace/order-service/src/test/resources
2026-05-15 15:57:43,481 [Worker-7: Building] WARN  o.apache.maven.project.MavenProject - Plugin is modifying compileSourceRoots through clear(), which will not work in Maven 4.0.0. Use MavenProject.addCompileSourceRoot()/removeCompileSourceRoot() methods instead. If using a plugin, please upgrade to the latest version or report the issue to the plugin maintainer. To disable these warnings, set -Dmaven.project.sourceRoots.warningsDisabled=true on the command line, in the .mvn/maven.config file, or in project POM properties.
2026-05-15 15:57:43,481 [Worker-7: Building] WARN  o.apache.maven.project.MavenProject - Plugin is modifying compileSourceRoots through add(), which will not work in Maven 4.0.0. Use MavenProject.addCompileSourceRoot()/removeCompileSourceRoot() methods instead. If using a plugin, please upgrade to the latest version or report the issue to the plugin maintainer. To disable these warnings, set -Dmaven.project.sourceRoots.warningsDisabled=true on the command line, in the .mvn/maven.config file, or in project POM properties.
2026-05-15 15:57:43,481 [Worker-7: Building] WARN  o.apache.maven.project.MavenProject - Plugin is modifying testCompileSourceRoots through clear(), which will not work in Maven 4.0.0. Use MavenProject.addTestCompileSourceRoot()/removeTestCompileSourceRoot() methods instead. If using a plugin, please upgrade to the latest version or report the issue to the plugin maintainer. To disable these warnings, set -Dmaven.project.sourceRoots.warningsDisabled=true on the command line, in the .mvn/maven.config file, or in project POM properties.
2026-05-15 15:57:43,481 [Worker-7: Building] WARN  o.apache.maven.project.MavenProject - Plugin is modifying testCompileSourceRoots through add(), which will not work in Maven 4.0.0. Use MavenProject.addTestCompileSourceRoot()/removeTestCompileSourceRoot() methods instead. If using a plugin, please upgrade to the latest version or report the issue to the plugin maintainer. To disable these warnings, set -Dmaven.project.sourceRoots.warningsDisabled=true on the command line, in the .mvn/maven.config file, or in project POM properties.
2026-05-15 15:57:44,366 [Worker-29: Download sources and javadoc] INFO  o.e.m.c.i.e.AbstractTransferListenerAdapter - Downloaded https://repo.maven.apache.org/maven2/org/springframework/cloud/spring-cloud-starter-openfeign/4.3.0/spring-cloud-starter-openfeign-4.3.0-javadoc.jar
2026-05-15 15:57:44,366 [Worker-29: Download sources and javadoc] ERROR o.e.m.j.internal.DownloadSourcesJob - Could not download javadoc for org.springframework.cloud:spring-cloud-starter-openfeign:4.3.0
org.eclipse.core.runtime.CoreException: Could not resolve artifact org.springframework.cloud:spring-cloud-starter-openfeign:jar:javadoc:4.3.0
	at org.eclipse.m2e.core.internal.embedder.MavenImpl.lambda$7(MavenImpl.java:581)
	at org.eclipse.m2e.core.internal.embedder.MavenExecutionContext.executeBare(MavenExecutionContext.java:462)
	at org.eclipse.m2e.core.internal.embedder.MavenExecutionContext.execute(MavenExecutionContext.java:295)
	at org.eclipse.m2e.core.internal.embedder.MavenExecutionContext.execute(MavenExecutionContext.java:281)
	at org.eclipse.m2e.core.internal.embedder.MavenImpl.resolve(MavenImpl.java:550)
	at org.eclipse.m2e.core.internal.embedder.MavenImpl.resolve(MavenImpl.java:535)
	at org.eclipse.m2e.jdt.internal.DownloadSourcesJob.download(DownloadSourcesJob.java:308)
	at org.eclipse.m2e.jdt.internal.DownloadSourcesJob.downloadAttachments(DownloadSourcesJob.java:294)
	at org.eclipse.m2e.jdt.internal.DownloadSourcesJob.downloadMaven(DownloadSourcesJob.java:252)
	at org.eclipse.m2e.jdt.internal.DownloadSourcesJob.downloadFilesAndPopulateToUpdate(DownloadSourcesJob.java:220)
	at org.eclipse.m2e.jdt.internal.DownloadSourcesJob.lambda$0(DownloadSourcesJob.java:149)
	at org.eclipse.m2e.core.internal.embedder.MavenExecutionContext.executeBare(MavenExecutionContext.java:462)
	at org.eclipse.m2e.core.internal.embedder.MavenExecutionContext.execute(MavenExecutionContext.java:342)
	at org.eclipse.m2e.core.internal.embedder.MavenExecutionContext.execute(MavenExecutionContext.java:281)
	at org.eclipse.m2e.core.embedder.IMaven.execute(IMaven.java:300)
	at org.eclipse.m2e.jdt.internal.DownloadSourcesJob.run(DownloadSourcesJob.java:149)
	at org.eclipse.core.internal.jobs.Worker.run(Worker.java:63)
2026-05-15 15:57:44,538 [Worker-0: Building] INFO  o.a.m.s.f.DefaultMavenResourcesFiltering - Copying 1 resource from src/main/resources to target/classes
2026-05-15 15:57:44,538 [Worker-0: Building] INFO  o.a.m.s.f.DefaultMavenResourcesFiltering - Copying 0 resource from src/main/resources to target/classes
2026-05-15 15:57:44,539 [Worker-0: Building] INFO  o.a.m.s.f.DefaultMavenResourcesFiltering - skip non existing resourceDirectory /Users/jeeva/Documents/JRA/jThread/Workspace/microserviceworkspace/order-service/src/test/resources
2026-05-15 15:57:44,542 [Worker-0: Building] WARN  o.apache.maven.project.MavenProject - Plugin is modifying compileSourceRoots through clear(), which will not work in Maven 4.0.0. Use MavenProject.addCompileSourceRoot()/removeCompileSourceRoot() methods instead. If using a plugin, please upgrade to the latest version or report the issue to the plugin maintainer. To disable these warnings, set -Dmaven.project.sourceRoots.warningsDisabled=true on the command line, in the .mvn/maven.config file, or in project POM properties.
2026-05-15 15:57:44,542 [Worker-0: Building] WARN  o.apache.maven.project.MavenProject - Plugin is modifying compileSourceRoots through add(), which will not work in Maven 4.0.0. Use MavenProject.addCompileSourceRoot()/removeCompileSourceRoot() methods instead. If using a plugin, please upgrade to the latest version or report the issue to the plugin maintainer. To disable these warnings, set -Dmaven.project.sourceRoots.warningsDisabled=true on the command line, in the .mvn/maven.config file, or in project POM properties.
2026-05-15 15:57:44,542 [Worker-0: Building] WARN  o.apache.maven.project.MavenProject - Plugin is modifying testCompileSourceRoots through clear(), which will not work in Maven 4.0.0. Use MavenProject.addTestCompileSourceRoot()/removeTestCompileSourceRoot() methods instead. If using a plugin, please upgrade to the latest version or report the issue to the plugin maintainer. To disable these warnings, set -Dmaven.project.sourceRoots.warningsDisabled=true on the command line, in the .mvn/maven.config file, or in project POM properties.
2026-05-15 15:57:44,542 [Worker-0: Building] WARN  o.apache.maven.project.MavenProject - Plugin is modifying testCompileSourceRoots through add(), which will not work in Maven 4.0.0. Use MavenProject.addTestCompileSourceRoot()/removeTestCompileSourceRoot() methods instead. If using a plugin, please upgrade to the latest version or report the issue to the plugin maintainer. To disable these warnings, set -Dmaven.project.sourceRoots.warningsDisabled=true on the command line, in the .mvn/maven.config file, or in project POM properties.
2026-05-15 15:57:58,728 [Worker-8: Importing Maven projects] INFO  o.e.m.c.i.l.LifecycleMappingFactory - Using org.eclipse.m2e.jdt.JarLifecycleMapping lifecycle mapping for MavenProject: com.jthread:service-registry:0.0.1-SNAPSHOT @ /Users/jeeva/Documents/JRA/jThread/Workspace/microserviceworkspace/service-registry/pom.xml.
2026-05-15 15:57:58,878 [Worker-8: Importing Maven projects] INFO  o.e.m.j.i.AbstractJavaProjectConfigurator - Adding source folder /service-registry/src/main/java
2026-05-15 15:57:58,878 [Worker-8: Importing Maven projects] INFO  o.e.m.j.i.AbstractJavaProjectConfigurator - Adding resource folder /service-registry/src/main/resources
2026-05-15 15:57:58,878 [Worker-8: Importing Maven projects] INFO  o.e.m.j.i.AbstractJavaProjectConfigurator - Adding resource folder /service-registry/src/main/resources
2026-05-15 15:57:58,878 [Worker-8: Importing Maven projects] INFO  o.e.m.j.i.AbstractJavaProjectConfigurator - Adding source folder /service-registry/src/test/java
2026-05-15 15:57:58,878 [Worker-8: Importing Maven projects] INFO  o.e.m.j.i.AbstractJavaProjectConfigurator - Adding resource folder /service-registry/src/test/resources
2026-05-15 15:57:58,906 [Worker-8: Importing Maven projects] WARN  o.apache.maven.project.MavenProject - Plugin is modifying compileSourceRoots through clear(), which will not work in Maven 4.0.0. Use MavenProject.addCompileSourceRoot()/removeCompileSourceRoot() methods instead. If using a plugin, please upgrade to the latest version or report the issue to the plugin maintainer. To disable these warnings, set -Dmaven.project.sourceRoots.warningsDisabled=true on the command line, in the .mvn/maven.config file, or in project POM properties.
2026-05-15 15:57:58,906 [Worker-8: Importing Maven projects] WARN  o.apache.maven.project.MavenProject - Plugin is modifying compileSourceRoots through add(), which will not work in Maven 4.0.0. Use MavenProject.addCompileSourceRoot()/removeCompileSourceRoot() methods instead. If using a plugin, please upgrade to the latest version or report the issue to the plugin maintainer. To disable these warnings, set -Dmaven.project.sourceRoots.warningsDisabled=true on the command line, in the .mvn/maven.config file, or in project POM properties.
2026-05-15 15:57:58,906 [Worker-8: Importing Maven projects] WARN  o.apache.maven.project.MavenProject - Plugin is modifying testCompileSourceRoots through clear(), which will not work in Maven 4.0.0. Use MavenProject.addTestCompileSourceRoot()/removeTestCompileSourceRoot() methods instead. If using a plugin, please upgrade to the latest version or report the issue to the plugin maintainer. To disable these warnings, set -Dmaven.project.sourceRoots.warningsDisabled=true on the command line, in the .mvn/maven.config file, or in project POM properties.
2026-05-15 15:57:58,906 [Worker-8: Importing Maven projects] WARN  o.apache.maven.project.MavenProject - Plugin is modifying testCompileSourceRoots through add(), which will not work in Maven 4.0.0. Use MavenProject.addTestCompileSourceRoot()/removeTestCompileSourceRoot() methods instead. If using a plugin, please upgrade to the latest version or report the issue to the plugin maintainer. To disable these warnings, set -Dmaven.project.sourceRoots.warningsDisabled=true on the command line, in the .mvn/maven.config file, or in project POM properties.
2026-05-15 15:57:58,909 [Worker-8: Importing Maven projects] INFO  o.e.m.c.i.p.ProjectConfigurationManager - Imported and configured 1 project(s) in 0 sec
2026-05-15 15:57:59,058 [Worker-10: Building] INFO  o.a.m.s.f.DefaultMavenResourcesFiltering - Copying 1 resource from src/main/resources to target/classes
2026-05-15 15:57:59,061 [Worker-10: Building] INFO  o.a.m.s.f.DefaultMavenResourcesFiltering - Copying 0 resource from src/main/resources to target/classes
2026-05-15 15:57:59,063 [Worker-10: Building] INFO  o.a.m.s.f.DefaultMavenResourcesFiltering - skip non existing resourceDirectory /Users/jeeva/Documents/JRA/jThread/Workspace/microserviceworkspace/service-registry/src/test/resources
2026-05-15 15:57:59,068 [Worker-10: Building] WARN  o.apache.maven.project.MavenProject - Plugin is modifying compileSourceRoots through clear(), which will not work in Maven 4.0.0. Use MavenProject.addCompileSourceRoot()/removeCompileSourceRoot() methods instead. If using a plugin, please upgrade to the latest version or report the issue to the plugin maintainer. To disable these warnings, set -Dmaven.project.sourceRoots.warningsDisabled=true on the command line, in the .mvn/maven.config file, or in project POM properties.
2026-05-15 15:57:59,068 [Worker-10: Building] WARN  o.apache.maven.project.MavenProject - Plugin is modifying compileSourceRoots through add(), which will not work in Maven 4.0.0. Use MavenProject.addCompileSourceRoot()/removeCompileSourceRoot() methods instead. If using a plugin, please upgrade to the latest version or report the issue to the plugin maintainer. To disable these warnings, set -Dmaven.project.sourceRoots.warningsDisabled=true on the command line, in the .mvn/maven.config file, or in project POM properties.
2026-05-15 15:57:59,068 [Worker-10: Building] WARN  o.apache.maven.project.MavenProject - Plugin is modifying testCompileSourceRoots through clear(), which will not work in Maven 4.0.0. Use MavenProject.addTestCompileSourceRoot()/removeTestCompileSourceRoot() methods instead. If using a plugin, please upgrade to the latest version or report the issue to the plugin maintainer. To disable these warnings, set -Dmaven.project.sourceRoots.warningsDisabled=true on the command line, in the .mvn/maven.config file, or in project POM properties.
2026-05-15 15:57:59,068 [Worker-10: Building] WARN  o.apache.maven.project.MavenProject - Plugin is modifying testCompileSourceRoots through add(), which will not work in Maven 4.0.0. Use MavenProject.addTestCompileSourceRoot()/removeTestCompileSourceRoot() methods instead. If using a plugin, please upgrade to the latest version or report the issue to the plugin maintainer. To disable these warnings, set -Dmaven.project.sourceRoots.warningsDisabled=true on the command line, in the .mvn/maven.config file, or in project POM properties.
2026-05-15 15:57:59,981 [Worker-3: Download sources and javadoc] INFO  o.e.m.c.i.e.AbstractTransferListenerAdapter - Downloaded https://repo.maven.apache.org/maven2/org/springframework/cloud/spring-cloud-starter-netflix-eureka-server/4.3.2/spring-cloud-starter-netflix-eureka-server-4.3.2-javadoc.jar
2026-05-15 15:57:59,981 [Worker-3: Download sources and javadoc] ERROR o.e.m.j.internal.DownloadSourcesJob - Could not download javadoc for org.springframework.cloud:spring-cloud-starter-netflix-eureka-server:4.3.2
org.eclipse.core.runtime.CoreException: Could not resolve artifact org.springframework.cloud:spring-cloud-starter-netflix-eureka-server:jar:javadoc:4.3.2
	at org.eclipse.m2e.core.internal.embedder.MavenImpl.lambda$7(MavenImpl.java:581)
	at org.eclipse.m2e.core.internal.embedder.MavenExecutionContext.executeBare(MavenExecutionContext.java:462)
	at org.eclipse.m2e.core.internal.embedder.MavenExecutionContext.execute(MavenExecutionContext.java:295)
	at org.eclipse.m2e.core.internal.embedder.MavenExecutionContext.execute(MavenExecutionContext.java:281)
	at org.eclipse.m2e.core.internal.embedder.MavenImpl.resolve(MavenImpl.java:550)
	at org.eclipse.m2e.core.internal.embedder.MavenImpl.resolve(MavenImpl.java:535)
	at org.eclipse.m2e.jdt.internal.DownloadSourcesJob.download(DownloadSourcesJob.java:308)
	at org.eclipse.m2e.jdt.internal.DownloadSourcesJob.downloadAttachments(DownloadSourcesJob.java:294)
	at org.eclipse.m2e.jdt.internal.DownloadSourcesJob.downloadMaven(DownloadSourcesJob.java:252)
	at org.eclipse.m2e.jdt.internal.DownloadSourcesJob.downloadFilesAndPopulateToUpdate(DownloadSourcesJob.java:220)
	at org.eclipse.m2e.jdt.internal.DownloadSourcesJob.lambda$0(DownloadSourcesJob.java:149)
	at org.eclipse.m2e.core.internal.embedder.MavenExecutionContext.executeBare(MavenExecutionContext.java:462)
	at org.eclipse.m2e.core.internal.embedder.MavenExecutionContext.execute(MavenExecutionContext.java:342)
	at org.eclipse.m2e.core.internal.embedder.MavenExecutionContext.execute(MavenExecutionContext.java:281)
	at org.eclipse.m2e.core.embedder.IMaven.execute(IMaven.java:300)
	at org.eclipse.m2e.jdt.internal.DownloadSourcesJob.run(DownloadSourcesJob.java:149)
	at org.eclipse.core.internal.jobs.Worker.run(Worker.java:63)
2026-05-15 15:58:00,099 [Worker-1: Building] INFO  o.a.m.s.f.DefaultMavenResourcesFiltering - Copying 1 resource from src/main/resources to target/classes
2026-05-15 15:58:00,100 [Worker-1: Building] INFO  o.a.m.s.f.DefaultMavenResourcesFiltering - Copying 0 resource from src/main/resources to target/classes
2026-05-15 15:58:00,100 [Worker-1: Building] INFO  o.a.m.s.f.DefaultMavenResourcesFiltering - skip non existing resourceDirectory /Users/jeeva/Documents/JRA/jThread/Workspace/microserviceworkspace/service-registry/src/test/resources
2026-05-15 15:58:00,102 [Worker-3: Download sources and javadoc] INFO  o.e.m.c.i.e.AbstractTransferListenerAdapter - Downloaded https://repo.maven.apache.org/maven2/com/google/guava/listenablefuture/9999.0-empty-to-avoid-conflict-with-guava/listenablefuture-9999.0-empty-to-avoid-conflict-with-guava-javadoc.jar
2026-05-15 15:58:00,102 [Worker-1: Building] WARN  o.apache.maven.project.MavenProject - Plugin is modifying compileSourceRoots through clear(), which will not work in Maven 4.0.0. Use MavenProject.addCompileSourceRoot()/removeCompileSourceRoot() methods instead. If using a plugin, please upgrade to the latest version or report the issue to the plugin maintainer. To disable these warnings, set -Dmaven.project.sourceRoots.warningsDisabled=true on the command line, in the .mvn/maven.config file, or in project POM properties.
2026-05-15 15:58:00,102 [Worker-1: Building] WARN  o.apache.maven.project.MavenProject - Plugin is modifying compileSourceRoots through add(), which will not work in Maven 4.0.0. Use MavenProject.addCompileSourceRoot()/removeCompileSourceRoot() methods instead. If using a plugin, please upgrade to the latest version or report the issue to the plugin maintainer. To disable these warnings, set -Dmaven.project.sourceRoots.warningsDisabled=true on the command line, in the .mvn/maven.config file, or in project POM properties.
2026-05-15 15:58:00,102 [Worker-1: Building] WARN  o.apache.maven.project.MavenProject - Plugin is modifying testCompileSourceRoots through clear(), which will not work in Maven 4.0.0. Use MavenProject.addTestCompileSourceRoot()/removeTestCompileSourceRoot() methods instead. If using a plugin, please upgrade to the latest version or report the issue to the plugin maintainer. To disable these warnings, set -Dmaven.project.sourceRoots.warningsDisabled=true on the command line, in the .mvn/maven.config file, or in project POM properties.
2026-05-15 15:58:00,102 [Worker-1: Building] WARN  o.apache.maven.project.MavenProject - Plugin is modifying testCompileSourceRoots through add(), which will not work in Maven 4.0.0. Use MavenProject.addTestCompileSourceRoot()/removeTestCompileSourceRoot() methods instead. If using a plugin, please upgrade to the latest version or report the issue to the plugin maintainer. To disable these warnings, set -Dmaven.project.sourceRoots.warningsDisabled=true on the command line, in the .mvn/maven.config file, or in project POM properties.
2026-05-15 15:58:00,102 [Worker-3: Download sources and javadoc] ERROR o.e.m.j.internal.DownloadSourcesJob - Could not download javadoc for com.google.guava:listenablefuture:9999.0-empty-to-avoid-conflict-with-guava
org.eclipse.core.runtime.CoreException: Could not resolve artifact com.google.guava:listenablefuture:jar:javadoc:9999.0-empty-to-avoid-conflict-with-guava
	at org.eclipse.m2e.core.internal.embedder.MavenImpl.lambda$7(MavenImpl.java:581)
	at org.eclipse.m2e.core.internal.embedder.MavenExecutionContext.executeBare(MavenExecutionContext.java:462)
	at org.eclipse.m2e.core.internal.embedder.MavenExecutionContext.execute(MavenExecutionContext.java:295)
	at org.eclipse.m2e.core.internal.embedder.MavenExecutionContext.execute(MavenExecutionContext.java:281)
	at org.eclipse.m2e.core.internal.embedder.MavenImpl.resolve(MavenImpl.java:550)
	at org.eclipse.m2e.core.internal.embedder.MavenImpl.resolve(MavenImpl.java:535)
	at org.eclipse.m2e.jdt.internal.DownloadSourcesJob.download(DownloadSourcesJob.java:308)
	at org.eclipse.m2e.jdt.internal.DownloadSourcesJob.downloadAttachments(DownloadSourcesJob.java:294)
	at org.eclipse.m2e.jdt.internal.DownloadSourcesJob.downloadMaven(DownloadSourcesJob.java:252)
	at org.eclipse.m2e.jdt.internal.DownloadSourcesJob.downloadFilesAndPopulateToUpdate(DownloadSourcesJob.java:220)
	at org.eclipse.m2e.jdt.internal.DownloadSourcesJob.lambda$0(DownloadSourcesJob.java:149)
	at org.eclipse.m2e.core.internal.embedder.MavenExecutionContext.executeBare(MavenExecutionContext.java:462)
	at org.eclipse.m2e.core.internal.embedder.MavenExecutionContext.execute(MavenExecutionContext.java:342)
	at org.eclipse.m2e.core.internal.embedder.MavenExecutionContext.execute(MavenExecutionContext.java:281)
	at org.eclipse.m2e.core.embedder.IMaven.execute(IMaven.java:300)
	at org.eclipse.m2e.jdt.internal.DownloadSourcesJob.run(DownloadSourcesJob.java:149)
	at org.eclipse.core.internal.jobs.Worker.run(Worker.java:63)
2026-05-15 15:58:57,513 [main] INFO  o.e.m2e.actions.ExecutePomAction - Creating new launch configuration
2026-05-15 15:59:06,658 [Worker-4: Launching api-gateway] INFO  o.eclipse.m2e.core.internal.Bundles - getClasspathEntries(Bundle=org.eclipse.m2e.maven.runtime_3.9.1200.20260112-2306 [647])
2026-05-15 15:59:06,659 [Worker-4: Launching api-gateway] INFO  o.eclipse.m2e.core.internal.Bundles - 	Entry: /Applications/Eclipse.app/Contents/Eclipse/plugins/org.eclipse.m2e.maven.runtime_3.9.1200.20260112-2306
2026-05-15 15:59:06,659 [Worker-4: Launching api-gateway] INFO  o.eclipse.m2e.core.internal.Bundles - 	Entry: /Applications/Eclipse.app/Contents/Eclipse/plugins/org.eclipse.m2e.maven.runtime_3.9.1200.20260112-2306/jars/aopalliance-1.0.jar
2026-05-15 15:59:06,659 [Worker-4: Launching api-gateway] INFO  o.eclipse.m2e.core.internal.Bundles - 	Entry: /Applications/Eclipse.app/Contents/Eclipse/plugins/org.eclipse.m2e.maven.runtime_3.9.1200.20260112-2306/jars/asm-9.9.jar
2026-05-15 15:59:06,659 [Worker-4: Launching api-gateway] INFO  o.eclipse.m2e.core.internal.Bundles - 	Entry: /Applications/Eclipse.app/Contents/Eclipse/plugins/org.eclipse.m2e.maven.runtime_3.9.1200.20260112-2306/jars/error_prone_annotations-2.41.0.jar
2026-05-15 15:59:06,659 [Worker-4: Launching api-gateway] INFO  o.eclipse.m2e.core.internal.Bundles - 	Entry: /Applications/Eclipse.app/Contents/Eclipse/plugins/org.eclipse.m2e.maven.runtime_3.9.1200.20260112-2306/jars/gson-2.13.2.jar
2026-05-15 15:59:06,659 [Worker-4: Launching api-gateway] INFO  o.eclipse.m2e.core.internal.Bundles - 	Entry: /Applications/Eclipse.app/Contents/Eclipse/plugins/org.eclipse.m2e.maven.runtime_3.9.1200.20260112-2306/jars/guice-5.1.0-classes.jar
2026-05-15 15:59:06,659 [Worker-4: Launching api-gateway] INFO  o.eclipse.m2e.core.internal.Bundles - 	Entry: /Applications/Eclipse.app/Contents/Eclipse/plugins/org.eclipse.m2e.maven.runtime_3.9.1200.20260112-2306/jars/httpclient-4.5.14.jar
2026-05-15 15:59:06,659 [Worker-4: Launching api-gateway] INFO  o.eclipse.m2e.core.internal.Bundles - 	Entry: /Applications/Eclipse.app/Contents/Eclipse/plugins/org.eclipse.m2e.maven.runtime_3.9.1200.20260112-2306/jars/httpcore-4.4.16.jar
2026-05-15 15:59:06,659 [Worker-4: Launching api-gateway] INFO  o.eclipse.m2e.core.internal.Bundles - 	Entry: /Applications/Eclipse.app/Contents/Eclipse/plugins/org.eclipse.m2e.maven.runtime_3.9.1200.20260112-2306/jars/jansi-2.4.2.jar
2026-05-15 15:59:06,659 [Worker-4: Launching api-gateway] INFO  o.eclipse.m2e.core.internal.Bundles - 	Entry: /Applications/Eclipse.app/Contents/Eclipse/plugins/org.eclipse.m2e.maven.runtime_3.9.1200.20260112-2306/jars/jcl-over-slf4j-1.7.36.jar
2026-05-15 15:59:06,659 [Worker-4: Launching api-gateway] INFO  o.eclipse.m2e.core.internal.Bundles - 	Entry: /Applications/Eclipse.app/Contents/Eclipse/plugins/org.eclipse.m2e.maven.runtime_3.9.1200.20260112-2306/jars/maven-artifact-3.9.12.jar
2026-05-15 15:59:06,659 [Worker-4: Launching api-gateway] INFO  o.eclipse.m2e.core.internal.Bundles - 	Entry: /Applications/Eclipse.app/Contents/Eclipse/plugins/org.eclipse.m2e.maven.runtime_3.9.1200.20260112-2306/jars/maven-builder-support-3.9.12.jar
2026-05-15 15:59:06,659 [Worker-4: Launching api-gateway] INFO  o.eclipse.m2e.core.internal.Bundles - 	Entry: /Applications/Eclipse.app/Contents/Eclipse/plugins/org.eclipse.m2e.maven.runtime_3.9.1200.20260112-2306/jars/maven-compat-3.9.12.jar
2026-05-15 15:59:06,659 [Worker-4: Launching api-gateway] INFO  o.eclipse.m2e.core.internal.Bundles - 	Entry: /Applications/Eclipse.app/Contents/Eclipse/plugins/org.eclipse.m2e.maven.runtime_3.9.1200.20260112-2306/jars/maven-core-3.9.12.jar
2026-05-15 15:59:06,659 [Worker-4: Launching api-gateway] INFO  o.eclipse.m2e.core.internal.Bundles - 	Entry: /Applications/Eclipse.app/Contents/Eclipse/plugins/org.eclipse.m2e.maven.runtime_3.9.1200.20260112-2306/jars/maven-embedder-3.9.12.jar
2026-05-15 15:59:06,659 [Worker-4: Launching api-gateway] INFO  o.eclipse.m2e.core.internal.Bundles - 	Entry: /Applications/Eclipse.app/Contents/Eclipse/plugins/org.eclipse.m2e.maven.runtime_3.9.1200.20260112-2306/jars/maven-model-3.9.12.jar
2026-05-15 15:59:06,659 [Worker-4: Launching api-gateway] INFO  o.eclipse.m2e.core.internal.Bundles - 	Entry: /Applications/Eclipse.app/Contents/Eclipse/plugins/org.eclipse.m2e.maven.runtime_3.9.1200.20260112-2306/jars/maven-model-builder-3.9.12.jar
2026-05-15 15:59:06,659 [Worker-4: Launching api-gateway] INFO  o.eclipse.m2e.core.internal.Bundles - 	Entry: /Applications/Eclipse.app/Contents/Eclipse/plugins/org.eclipse.m2e.maven.runtime_3.9.1200.20260112-2306/jars/maven-plugin-api-3.9.12.jar
2026-05-15 15:59:06,659 [Worker-4: Launching api-gateway] INFO  o.eclipse.m2e.core.internal.Bundles - 	Entry: /Applications/Eclipse.app/Contents/Eclipse/plugins/org.eclipse.m2e.maven.runtime_3.9.1200.20260112-2306/jars/maven-repository-metadata-3.9.12.jar
2026-05-15 15:59:06,659 [Worker-4: Launching api-gateway] INFO  o.eclipse.m2e.core.internal.Bundles - 	Entry: /Applications/Eclipse.app/Contents/Eclipse/plugins/org.eclipse.m2e.maven.runtime_3.9.1200.20260112-2306/jars/maven-resolver-api-1.9.25.jar
2026-05-15 15:59:06,659 [Worker-4: Launching api-gateway] INFO  o.eclipse.m2e.core.internal.Bundles - 	Entry: /Applications/Eclipse.app/Contents/Eclipse/plugins/org.eclipse.m2e.maven.runtime_3.9.1200.20260112-2306/jars/maven-resolver-connector-basic-1.9.25.jar
2026-05-15 15:59:06,659 [Worker-4: Launching api-gateway] INFO  o.eclipse.m2e.core.internal.Bundles - 	Entry: /Applications/Eclipse.app/Contents/Eclipse/plugins/org.eclipse.m2e.maven.runtime_3.9.1200.20260112-2306/jars/maven-resolver-impl-1.9.25.jar
2026-05-15 15:59:06,659 [Worker-4: Launching api-gateway] INFO  o.eclipse.m2e.core.internal.Bundles - 	Entry: /Applications/Eclipse.app/Contents/Eclipse/plugins/org.eclipse.m2e.maven.runtime_3.9.1200.20260112-2306/jars/maven-resolver-named-locks-1.9.25.jar
2026-05-15 15:59:06,659 [Worker-4: Launching api-gateway] INFO  o.eclipse.m2e.core.internal.Bundles - 	Entry: /Applications/Eclipse.app/Contents/Eclipse/plugins/org.eclipse.m2e.maven.runtime_3.9.1200.20260112-2306/jars/maven-resolver-provider-3.9.12.jar
2026-05-15 15:59:06,659 [Worker-4: Launching api-gateway] INFO  o.eclipse.m2e.core.internal.Bundles - 	Entry: /Applications/Eclipse.app/Contents/Eclipse/plugins/org.eclipse.m2e.maven.runtime_3.9.1200.20260112-2306/jars/maven-resolver-spi-1.9.25.jar
2026-05-15 15:59:06,659 [Worker-4: Launching api-gateway] INFO  o.eclipse.m2e.core.internal.Bundles - 	Entry: /Applications/Eclipse.app/Contents/Eclipse/plugins/org.eclipse.m2e.maven.runtime_3.9.1200.20260112-2306/jars/maven-resolver-transport-file-1.9.25.jar
2026-05-15 15:59:06,659 [Worker-4: Launching api-gateway] INFO  o.eclipse.m2e.core.internal.Bundles - 	Entry: /Applications/Eclipse.app/Contents/Eclipse/plugins/org.eclipse.m2e.maven.runtime_3.9.1200.20260112-2306/jars/maven-resolver-transport-http-1.9.25.jar
2026-05-15 15:59:06,659 [Worker-4: Launching api-gateway] INFO  o.eclipse.m2e.core.internal.Bundles - 	Entry: /Applications/Eclipse.app/Contents/Eclipse/plugins/org.eclipse.m2e.maven.runtime_3.9.1200.20260112-2306/jars/maven-resolver-transport-wagon-1.9.25.jar
2026-05-15 15:59:06,659 [Worker-4: Launching api-gateway] INFO  o.eclipse.m2e.core.internal.Bundles - 	Entry: /Applications/Eclipse.app/Contents/Eclipse/plugins/org.eclipse.m2e.maven.runtime_3.9.1200.20260112-2306/jars/maven-resolver-util-1.9.25.jar
2026-05-15 15:59:06,659 [Worker-4: Launching api-gateway] INFO  o.eclipse.m2e.core.internal.Bundles - 	Entry: /Applications/Eclipse.app/Contents/Eclipse/plugins/org.eclipse.m2e.maven.runtime_3.9.1200.20260112-2306/jars/maven-settings-3.9.12.jar
2026-05-15 15:59:06,659 [Worker-4: Launching api-gateway] INFO  o.eclipse.m2e.core.internal.Bundles - 	Entry: /Applications/Eclipse.app/Contents/Eclipse/plugins/org.eclipse.m2e.maven.runtime_3.9.1200.20260112-2306/jars/maven-settings-builder-3.9.12.jar
2026-05-15 15:59:06,659 [Worker-4: Launching api-gateway] INFO  o.eclipse.m2e.core.internal.Bundles - 	Entry: /Applications/Eclipse.app/Contents/Eclipse/plugins/org.eclipse.m2e.maven.runtime_3.9.1200.20260112-2306/jars/maven-shared-utils-3.4.2.jar
2026-05-15 15:59:06,659 [Worker-4: Launching api-gateway] INFO  o.eclipse.m2e.core.internal.Bundles - 	Entry: /Applications/Eclipse.app/Contents/Eclipse/plugins/org.eclipse.m2e.maven.runtime_3.9.1200.20260112-2306/jars/org.eclipse.sisu.inject-0.9.0.M4.jar
2026-05-15 15:59:06,659 [Worker-4: Launching api-gateway] INFO  o.eclipse.m2e.core.internal.Bundles - 	Entry: /Applications/Eclipse.app/Contents/Eclipse/plugins/org.eclipse.m2e.maven.runtime_3.9.1200.20260112-2306/jars/org.eclipse.sisu.plexus-0.9.0.M4.jar
2026-05-15 15:59:06,659 [Worker-4: Launching api-gateway] INFO  o.eclipse.m2e.core.internal.Bundles - 	Entry: /Applications/Eclipse.app/Contents/Eclipse/plugins/org.eclipse.m2e.maven.runtime_3.9.1200.20260112-2306/jars/plexus-build-api-0.0.7.jar
2026-05-15 15:59:06,659 [Worker-4: Launching api-gateway] INFO  o.eclipse.m2e.core.internal.Bundles - 	Entry: /Applications/Eclipse.app/Contents/Eclipse/plugins/org.eclipse.m2e.maven.runtime_3.9.1200.20260112-2306/jars/plexus-build-api-1.2.0.jar
2026-05-15 15:59:06,659 [Worker-4: Launching api-gateway] INFO  o.eclipse.m2e.core.internal.Bundles - 	Entry: /Applications/Eclipse.app/Contents/Eclipse/plugins/org.eclipse.m2e.maven.runtime_3.9.1200.20260112-2306/jars/plexus-cipher-2.0.jar
2026-05-15 15:59:06,659 [Worker-4: Launching api-gateway] INFO  o.eclipse.m2e.core.internal.Bundles - 	Entry: /Applications/Eclipse.app/Contents/Eclipse/plugins/org.eclipse.m2e.maven.runtime_3.9.1200.20260112-2306/jars/plexus-classworlds-2.9.0.jar
2026-05-15 15:59:06,659 [Worker-4: Launching api-gateway] INFO  o.eclipse.m2e.core.internal.Bundles - 	Entry: /Applications/Eclipse.app/Contents/Eclipse/plugins/org.eclipse.m2e.maven.runtime_3.9.1200.20260112-2306/jars/plexus-component-annotations-2.2.0.jar
2026-05-15 15:59:06,659 [Worker-4: Launching api-gateway] INFO  o.eclipse.m2e.core.internal.Bundles - 	Entry: /Applications/Eclipse.app/Contents/Eclipse/plugins/org.eclipse.m2e.maven.runtime_3.9.1200.20260112-2306/jars/plexus-interpolation-1.29.jar
2026-05-15 15:59:06,659 [Worker-4: Launching api-gateway] INFO  o.eclipse.m2e.core.internal.Bundles - 	Entry: /Applications/Eclipse.app/Contents/Eclipse/plugins/org.eclipse.m2e.maven.runtime_3.9.1200.20260112-2306/jars/plexus-sec-dispatcher-2.0.jar
2026-05-15 15:59:06,659 [Worker-4: Launching api-gateway] INFO  o.eclipse.m2e.core.internal.Bundles - 	Entry: /Applications/Eclipse.app/Contents/Eclipse/plugins/org.eclipse.m2e.maven.runtime_3.9.1200.20260112-2306/jars/plexus-utils-3.6.0.jar
2026-05-15 15:59:06,659 [Worker-4: Launching api-gateway] INFO  o.eclipse.m2e.core.internal.Bundles - 	Entry: /Applications/Eclipse.app/Contents/Eclipse/plugins/org.eclipse.m2e.maven.runtime_3.9.1200.20260112-2306/jars/wagon-file-3.5.3.jar
2026-05-15 15:59:06,659 [Worker-4: Launching api-gateway] INFO  o.eclipse.m2e.core.internal.Bundles - 	Entry: /Applications/Eclipse.app/Contents/Eclipse/plugins/org.eclipse.m2e.maven.runtime_3.9.1200.20260112-2306/jars/wagon-http-3.5.3.jar
2026-05-15 15:59:06,659 [Worker-4: Launching api-gateway] INFO  o.eclipse.m2e.core.internal.Bundles - 	Entry: /Applications/Eclipse.app/Contents/Eclipse/plugins/org.eclipse.m2e.maven.runtime_3.9.1200.20260112-2306/jars/wagon-http-shared-3.5.3.jar
2026-05-15 15:59:06,659 [Worker-4: Launching api-gateway] INFO  o.eclipse.m2e.core.internal.Bundles - 	Entry: /Applications/Eclipse.app/Contents/Eclipse/plugins/org.eclipse.m2e.maven.runtime_3.9.1200.20260112-2306/jars/wagon-provider-api-3.5.3.jar
2026-05-15 15:59:06,660 [Worker-4: Launching api-gateway] INFO  o.eclipse.m2e.core.internal.Bundles - getClasspathEntries(Bundle=com.google.guava_33.5.0.jre [18])
2026-05-15 15:59:06,660 [Worker-4: Launching api-gateway] INFO  o.eclipse.m2e.core.internal.Bundles - 	Entry: /Applications/Eclipse.app/Contents/Eclipse/plugins/com.google.guava_33.5.0.jre.jar
2026-05-15 15:59:06,660 [Worker-4: Launching api-gateway] INFO  o.eclipse.m2e.core.internal.Bundles - getClasspathEntries(Bundle=slf4j.api_2.0.17 [1012])
2026-05-15 15:59:06,660 [Worker-4: Launching api-gateway] INFO  o.eclipse.m2e.core.internal.Bundles - 	Entry: /Applications/Eclipse.app/Contents/Eclipse/plugins/slf4j.api_2.0.17.jar
2026-05-15 15:59:06,660 [Worker-4: Launching api-gateway] INFO  o.eclipse.m2e.core.internal.Bundles - getClasspathEntries(Bundle=jakarta.inject.jakarta.inject-api_1.0.5 [35])
2026-05-15 15:59:06,660 [Worker-4: Launching api-gateway] INFO  o.eclipse.m2e.core.internal.Bundles - 	Entry: /Applications/Eclipse.app/Contents/Eclipse/plugins/jakarta.inject.jakarta.inject-api_1.0.5.jar
2026-05-15 15:59:06,660 [Worker-4: Launching api-gateway] INFO  o.eclipse.m2e.core.internal.Bundles - getClasspathEntries(Bundle=jakarta.annotation-api_1.3.5 [31])
2026-05-15 15:59:06,660 [Worker-4: Launching api-gateway] INFO  o.eclipse.m2e.core.internal.Bundles - 	Entry: /Applications/Eclipse.app/Contents/Eclipse/plugins/jakarta.annotation-api_1.3.5.jar
2026-05-15 15:59:06,660 [Worker-4: Launching api-gateway] INFO  o.eclipse.m2e.core.internal.Bundles - getClasspathEntries(Bundle=org.apache.commons.cli_1.11.0 [83])
2026-05-15 15:59:06,660 [Worker-4: Launching api-gateway] INFO  o.eclipse.m2e.core.internal.Bundles - 	Entry: /Applications/Eclipse.app/Contents/Eclipse/plugins/org.apache.commons.cli_1.11.0.jar
2026-05-15 15:59:06,660 [Worker-4: Launching api-gateway] INFO  o.eclipse.m2e.core.internal.Bundles - getClasspathEntries(Bundle=org.apache.commons.commons-codec_1.21.0 [85])
2026-05-15 15:59:06,660 [Worker-4: Launching api-gateway] INFO  o.eclipse.m2e.core.internal.Bundles - 	Entry: /Applications/Eclipse.app/Contents/Eclipse/plugins/org.apache.commons.commons-codec_1.21.0.jar
2026-05-15 15:59:06,660 [Worker-4: Launching api-gateway] INFO  o.eclipse.m2e.core.internal.Bundles - getClasspathEntries(Bundle=com.google.guava.failureaccess_1.0.3 [19])
2026-05-15 15:59:06,660 [Worker-4: Launching api-gateway] INFO  o.eclipse.m2e.core.internal.Bundles - 	Entry: /Applications/Eclipse.app/Contents/Eclipse/plugins/com.google.guava.failureaccess_1.0.3.jar
2026-05-15 15:59:06,661 [Worker-4: Launching api-gateway] INFO  o.e.m.i.launch.MavenLaunchDelegate - Run build in "/Users/jeeva/Documents/JRA/jThread/Workspace/microserviceworkspace/api-gateway":
2026-05-15 15:59:06,662 [Worker-4: Launching api-gateway] INFO  o.e.m.i.launch.MavenLaunchDelegate -  mvn  -B -Dstyle.color=always clean package
2026-05-15 15:59:22,568 [Worker-4: Launching Executing clean in _Users_jeeva_Documents_JRA_jThread_Workspace_microserviceworkspace_service-registry] INFO  o.eclipse.m2e.core.internal.Bundles - getClasspathEntries(Bundle=org.eclipse.m2e.maven.runtime_3.9.1200.20260112-2306 [647])
2026-05-15 15:59:22,573 [Worker-4: Launching Executing clean in _Users_jeeva_Documents_JRA_jThread_Workspace_microserviceworkspace_service-registry] INFO  o.eclipse.m2e.core.internal.Bundles - 	Entry: /Applications/Eclipse.app/Contents/Eclipse/plugins/org.eclipse.m2e.maven.runtime_3.9.1200.20260112-2306
2026-05-15 15:59:22,573 [Worker-4: Launching Executing clean in _Users_jeeva_Documents_JRA_jThread_Workspace_microserviceworkspace_service-registry] INFO  o.eclipse.m2e.core.internal.Bundles - 	Entry: /Applications/Eclipse.app/Contents/Eclipse/plugins/org.eclipse.m2e.maven.runtime_3.9.1200.20260112-2306/jars/aopalliance-1.0.jar
2026-05-15 15:59:22,573 [Worker-4: Launching Executing clean in _Users_jeeva_Documents_JRA_jThread_Workspace_microserviceworkspace_service-registry] INFO  o.eclipse.m2e.core.internal.Bundles - 	Entry: /Applications/Eclipse.app/Contents/Eclipse/plugins/org.eclipse.m2e.maven.runtime_3.9.1200.20260112-2306/jars/asm-9.9.jar
2026-05-15 15:59:22,573 [Worker-4: Launching Executing clean in _Users_jeeva_Documents_JRA_jThread_Workspace_microserviceworkspace_service-registry] INFO  o.eclipse.m2e.core.internal.Bundles - 	Entry: /Applications/Eclipse.app/Contents/Eclipse/plugins/org.eclipse.m2e.maven.runtime_3.9.1200.20260112-2306/jars/error_prone_annotations-2.41.0.jar
2026-05-15 15:59:22,573 [Worker-4: Launching Executing clean in _Users_jeeva_Documents_JRA_jThread_Workspace_microserviceworkspace_service-registry] INFO  o.eclipse.m2e.core.internal.Bundles - 	Entry: /Applications/Eclipse.app/Contents/Eclipse/plugins/org.eclipse.m2e.maven.runtime_3.9.1200.20260112-2306/jars/gson-2.13.2.jar
2026-05-15 15:59:22,573 [Worker-4: Launching Executing clean in _Users_jeeva_Documents_JRA_jThread_Workspace_microserviceworkspace_service-registry] INFO  o.eclipse.m2e.core.internal.Bundles - 	Entry: /Applications/Eclipse.app/Contents/Eclipse/plugins/org.eclipse.m2e.maven.runtime_3.9.1200.20260112-2306/jars/guice-5.1.0-classes.jar
2026-05-15 15:59:22,573 [Worker-4: Launching Executing clean in _Users_jeeva_Documents_JRA_jThread_Workspace_microserviceworkspace_service-registry] INFO  o.eclipse.m2e.core.internal.Bundles - 	Entry: /Applications/Eclipse.app/Contents/Eclipse/plugins/org.eclipse.m2e.maven.runtime_3.9.1200.20260112-2306/jars/httpclient-4.5.14.jar
2026-05-15 15:59:22,573 [Worker-4: Launching Executing clean in _Users_jeeva_Documents_JRA_jThread_Workspace_microserviceworkspace_service-registry] INFO  o.eclipse.m2e.core.internal.Bundles - 	Entry: /Applications/Eclipse.app/Contents/Eclipse/plugins/org.eclipse.m2e.maven.runtime_3.9.1200.20260112-2306/jars/httpcore-4.4.16.jar
2026-05-15 15:59:22,573 [Worker-4: Launching Executing clean in _Users_jeeva_Documents_JRA_jThread_Workspace_microserviceworkspace_service-registry] INFO  o.eclipse.m2e.core.internal.Bundles - 	Entry: /Applications/Eclipse.app/Contents/Eclipse/plugins/org.eclipse.m2e.maven.runtime_3.9.1200.20260112-2306/jars/jansi-2.4.2.jar
2026-05-15 15:59:22,573 [Worker-4: Launching Executing clean in _Users_jeeva_Documents_JRA_jThread_Workspace_microserviceworkspace_service-registry] INFO  o.eclipse.m2e.core.internal.Bundles - 	Entry: /Applications/Eclipse.app/Contents/Eclipse/plugins/org.eclipse.m2e.maven.runtime_3.9.1200.20260112-2306/jars/jcl-over-slf4j-1.7.36.jar
2026-05-15 15:59:22,573 [Worker-4: Launching Executing clean in _Users_jeeva_Documents_JRA_jThread_Workspace_microserviceworkspace_service-registry] INFO  o.eclipse.m2e.core.internal.Bundles - 	Entry: /Applications/Eclipse.app/Contents/Eclipse/plugins/org.eclipse.m2e.maven.runtime_3.9.1200.20260112-2306/jars/maven-artifact-3.9.12.jar
2026-05-15 15:59:22,573 [Worker-4: Launching Executing clean in _Users_jeeva_Documents_JRA_jThread_Workspace_microserviceworkspace_service-registry] INFO  o.eclipse.m2e.core.internal.Bundles - 	Entry: /Applications/Eclipse.app/Contents/Eclipse/plugins/org.eclipse.m2e.maven.runtime_3.9.1200.20260112-2306/jars/maven-builder-support-3.9.12.jar
2026-05-15 15:59:22,573 [Worker-4: Launching Executing clean in _Users_jeeva_Documents_JRA_jThread_Workspace_microserviceworkspace_service-registry] INFO  o.eclipse.m2e.core.internal.Bundles - 	Entry: /Applications/Eclipse.app/Contents/Eclipse/plugins/org.eclipse.m2e.maven.runtime_3.9.1200.20260112-2306/jars/maven-compat-3.9.12.jar
2026-05-15 15:59:22,573 [Worker-4: Launching Executing clean in _Users_jeeva_Documents_JRA_jThread_Workspace_microserviceworkspace_service-registry] INFO  o.eclipse.m2e.core.internal.Bundles - 	Entry: /Applications/Eclipse.app/Contents/Eclipse/plugins/org.eclipse.m2e.maven.runtime_3.9.1200.20260112-2306/jars/maven-core-3.9.12.jar
2026-05-15 15:59:22,573 [Worker-4: Launching Executing clean in _Users_jeeva_Documents_JRA_jThread_Workspace_microserviceworkspace_service-registry] INFO  o.eclipse.m2e.core.internal.Bundles - 	Entry: /Applications/Eclipse.app/Contents/Eclipse/plugins/org.eclipse.m2e.maven.runtime_3.9.1200.20260112-2306/jars/maven-embedder-3.9.12.jar
2026-05-15 15:59:22,573 [Worker-4: Launching Executing clean in _Users_jeeva_Documents_JRA_jThread_Workspace_microserviceworkspace_service-registry] INFO  o.eclipse.m2e.core.internal.Bundles - 	Entry: /Applications/Eclipse.app/Contents/Eclipse/plugins/org.eclipse.m2e.maven.runtime_3.9.1200.20260112-2306/jars/maven-model-3.9.12.jar
2026-05-15 15:59:22,573 [Worker-4: Launching Executing clean in _Users_jeeva_Documents_JRA_jThread_Workspace_microserviceworkspace_service-registry] INFO  o.eclipse.m2e.core.internal.Bundles - 	Entry: /Applications/Eclipse.app/Contents/Eclipse/plugins/org.eclipse.m2e.maven.runtime_3.9.1200.20260112-2306/jars/maven-model-builder-3.9.12.jar
2026-05-15 15:59:22,573 [Worker-4: Launching Executing clean in _Users_jeeva_Documents_JRA_jThread_Workspace_microserviceworkspace_service-registry] INFO  o.eclipse.m2e.core.internal.Bundles - 	Entry: /Applications/Eclipse.app/Contents/Eclipse/plugins/org.eclipse.m2e.maven.runtime_3.9.1200.20260112-2306/jars/maven-plugin-api-3.9.12.jar
2026-05-15 15:59:22,573 [Worker-4: Launching Executing clean in _Users_jeeva_Documents_JRA_jThread_Workspace_microserviceworkspace_service-registry] INFO  o.eclipse.m2e.core.internal.Bundles - 	Entry: /Applications/Eclipse.app/Contents/Eclipse/plugins/org.eclipse.m2e.maven.runtime_3.9.1200.20260112-2306/jars/maven-repository-metadata-3.9.12.jar
2026-05-15 15:59:22,573 [Worker-4: Launching Executing clean in _Users_jeeva_Documents_JRA_jThread_Workspace_microserviceworkspace_service-registry] INFO  o.eclipse.m2e.core.internal.Bundles - 	Entry: /Applications/Eclipse.app/Contents/Eclipse/plugins/org.eclipse.m2e.maven.runtime_3.9.1200.20260112-2306/jars/maven-resolver-api-1.9.25.jar
2026-05-15 15:59:22,573 [Worker-4: Launching Executing clean in _Users_jeeva_Documents_JRA_jThread_Workspace_microserviceworkspace_service-registry] INFO  o.eclipse.m2e.core.internal.Bundles - 	Entry: /Applications/Eclipse.app/Contents/Eclipse/plugins/org.eclipse.m2e.maven.runtime_3.9.1200.20260112-2306/jars/maven-resolver-connector-basic-1.9.25.jar
2026-05-15 15:59:22,573 [Worker-4: Launching Executing clean in _Users_jeeva_Documents_JRA_jThread_Workspace_microserviceworkspace_service-registry] INFO  o.eclipse.m2e.core.internal.Bundles - 	Entry: /Applications/Eclipse.app/Contents/Eclipse/plugins/org.eclipse.m2e.maven.runtime_3.9.1200.20260112-2306/jars/maven-resolver-impl-1.9.25.jar
2026-05-15 15:59:22,573 [Worker-4: Launching Executing clean in _Users_jeeva_Documents_JRA_jThread_Workspace_microserviceworkspace_service-registry] INFO  o.eclipse.m2e.core.internal.Bundles - 	Entry: /Applications/Eclipse.app/Contents/Eclipse/plugins/org.eclipse.m2e.maven.runtime_3.9.1200.20260112-2306/jars/maven-resolver-named-locks-1.9.25.jar
2026-05-15 15:59:22,573 [Worker-4: Launching Executing clean in _Users_jeeva_Documents_JRA_jThread_Workspace_microserviceworkspace_service-registry] INFO  o.eclipse.m2e.core.internal.Bundles - 	Entry: /Applications/Eclipse.app/Contents/Eclipse/plugins/org.eclipse.m2e.maven.runtime_3.9.1200.20260112-2306/jars/maven-resolver-provider-3.9.12.jar
2026-05-15 15:59:22,573 [Worker-4: Launching Executing clean in _Users_jeeva_Documents_JRA_jThread_Workspace_microserviceworkspace_service-registry] INFO  o.eclipse.m2e.core.internal.Bundles - 	Entry: /Applications/Eclipse.app/Contents/Eclipse/plugins/org.eclipse.m2e.maven.runtime_3.9.1200.20260112-2306/jars/maven-resolver-spi-1.9.25.jar
2026-05-15 15:59:22,573 [Worker-4: Launching Executing clean in _Users_jeeva_Documents_JRA_jThread_Workspace_microserviceworkspace_service-registry] INFO  o.eclipse.m2e.core.internal.Bundles - 	Entry: /Applications/Eclipse.app/Contents/Eclipse/plugins/org.eclipse.m2e.maven.runtime_3.9.1200.20260112-2306/jars/maven-resolver-transport-file-1.9.25.jar
2026-05-15 15:59:22,573 [Worker-4: Launching Executing clean in _Users_jeeva_Documents_JRA_jThread_Workspace_microserviceworkspace_service-registry] INFO  o.eclipse.m2e.core.internal.Bundles - 	Entry: /Applications/Eclipse.app/Contents/Eclipse/plugins/org.eclipse.m2e.maven.runtime_3.9.1200.20260112-2306/jars/maven-resolver-transport-http-1.9.25.jar
2026-05-15 15:59:22,573 [Worker-4: Launching Executing clean in _Users_jeeva_Documents_JRA_jThread_Workspace_microserviceworkspace_service-registry] INFO  o.eclipse.m2e.core.internal.Bundles - 	Entry: /Applications/Eclipse.app/Contents/Eclipse/plugins/org.eclipse.m2e.maven.runtime_3.9.1200.20260112-2306/jars/maven-resolver-transport-wagon-1.9.25.jar
2026-05-15 15:59:22,573 [Worker-4: Launching Executing clean in _Users_jeeva_Documents_JRA_jThread_Workspace_microserviceworkspace_service-registry] INFO  o.eclipse.m2e.core.internal.Bundles - 	Entry: /Applications/Eclipse.app/Contents/Eclipse/plugins/org.eclipse.m2e.maven.runtime_3.9.1200.20260112-2306/jars/maven-resolver-util-1.9.25.jar
2026-05-15 15:59:22,573 [Worker-4: Launching Executing clean in _Users_jeeva_Documents_JRA_jThread_Workspace_microserviceworkspace_service-registry] INFO  o.eclipse.m2e.core.internal.Bundles - 	Entry: /Applications/Eclipse.app/Contents/Eclipse/plugins/org.eclipse.m2e.maven.runtime_3.9.1200.20260112-2306/jars/maven-settings-3.9.12.jar
2026-05-15 15:59:22,573 [Worker-4: Launching Executing clean in _Users_jeeva_Documents_JRA_jThread_Workspace_microserviceworkspace_service-registry] INFO  o.eclipse.m2e.core.internal.Bundles - 	Entry: /Applications/Eclipse.app/Contents/Eclipse/plugins/org.eclipse.m2e.maven.runtime_3.9.1200.20260112-2306/jars/maven-settings-builder-3.9.12.jar
2026-05-15 15:59:22,573 [Worker-4: Launching Executing clean in _Users_jeeva_Documents_JRA_jThread_Workspace_microserviceworkspace_service-registry] INFO  o.eclipse.m2e.core.internal.Bundles - 	Entry: /Applications/Eclipse.app/Contents/Eclipse/plugins/org.eclipse.m2e.maven.runtime_3.9.1200.20260112-2306/jars/maven-shared-utils-3.4.2.jar
2026-05-15 15:59:22,574 [Worker-4: Launching Executing clean in _Users_jeeva_Documents_JRA_jThread_Workspace_microserviceworkspace_service-registry] INFO  o.eclipse.m2e.core.internal.Bundles - 	Entry: /Applications/Eclipse.app/Contents/Eclipse/plugins/org.eclipse.m2e.maven.runtime_3.9.1200.20260112-2306/jars/org.eclipse.sisu.inject-0.9.0.M4.jar
2026-05-15 15:59:22,574 [Worker-4: Launching Executing clean in _Users_jeeva_Documents_JRA_jThread_Workspace_microserviceworkspace_service-registry] INFO  o.eclipse.m2e.core.internal.Bundles - 	Entry: /Applications/Eclipse.app/Contents/Eclipse/plugins/org.eclipse.m2e.maven.runtime_3.9.1200.20260112-2306/jars/org.eclipse.sisu.plexus-0.9.0.M4.jar
2026-05-15 15:59:22,574 [Worker-4: Launching Executing clean in _Users_jeeva_Documents_JRA_jThread_Workspace_microserviceworkspace_service-registry] INFO  o.eclipse.m2e.core.internal.Bundles - 	Entry: /Applications/Eclipse.app/Contents/Eclipse/plugins/org.eclipse.m2e.maven.runtime_3.9.1200.20260112-2306/jars/plexus-build-api-0.0.7.jar
2026-05-15 15:59:22,574 [Worker-4: Launching Executing clean in _Users_jeeva_Documents_JRA_jThread_Workspace_microserviceworkspace_service-registry] INFO  o.eclipse.m2e.core.internal.Bundles - 	Entry: /Applications/Eclipse.app/Contents/Eclipse/plugins/org.eclipse.m2e.maven.runtime_3.9.1200.20260112-2306/jars/plexus-build-api-1.2.0.jar
2026-05-15 15:59:22,574 [Worker-4: Launching Executing clean in _Users_jeeva_Documents_JRA_jThread_Workspace_microserviceworkspace_service-registry] INFO  o.eclipse.m2e.core.internal.Bundles - 	Entry: /Applications/Eclipse.app/Contents/Eclipse/plugins/org.eclipse.m2e.maven.runtime_3.9.1200.20260112-2306/jars/plexus-cipher-2.0.jar
2026-05-15 15:59:22,574 [Worker-4: Launching Executing clean in _Users_jeeva_Documents_JRA_jThread_Workspace_microserviceworkspace_service-registry] INFO  o.eclipse.m2e.core.internal.Bundles - 	Entry: /Applications/Eclipse.app/Contents/Eclipse/plugins/org.eclipse.m2e.maven.runtime_3.9.1200.20260112-2306/jars/plexus-classworlds-2.9.0.jar
2026-05-15 15:59:22,574 [Worker-4: Launching Executing clean in _Users_jeeva_Documents_JRA_jThread_Workspace_microserviceworkspace_service-registry] INFO  o.eclipse.m2e.core.internal.Bundles - 	Entry: /Applications/Eclipse.app/Contents/Eclipse/plugins/org.eclipse.m2e.maven.runtime_3.9.1200.20260112-2306/jars/plexus-component-annotations-2.2.0.jar
2026-05-15 15:59:22,574 [Worker-4: Launching Executing clean in _Users_jeeva_Documents_JRA_jThread_Workspace_microserviceworkspace_service-registry] INFO  o.eclipse.m2e.core.internal.Bundles - 	Entry: /Applications/Eclipse.app/Contents/Eclipse/plugins/org.eclipse.m2e.maven.runtime_3.9.1200.20260112-2306/jars/plexus-interpolation-1.29.jar
2026-05-15 15:59:22,574 [Worker-4: Launching Executing clean in _Users_jeeva_Documents_JRA_jThread_Workspace_microserviceworkspace_service-registry] INFO  o.eclipse.m2e.core.internal.Bundles - 	Entry: /Applications/Eclipse.app/Contents/Eclipse/plugins/org.eclipse.m2e.maven.runtime_3.9.1200.20260112-2306/jars/plexus-sec-dispatcher-2.0.jar
2026-05-15 15:59:22,574 [Worker-4: Launching Executing clean in _Users_jeeva_Documents_JRA_jThread_Workspace_microserviceworkspace_service-registry] INFO  o.eclipse.m2e.core.internal.Bundles - 	Entry: /Applications/Eclipse.app/Contents/Eclipse/plugins/org.eclipse.m2e.maven.runtime_3.9.1200.20260112-2306/jars/plexus-utils-3.6.0.jar
2026-05-15 15:59:22,574 [Worker-4: Launching Executing clean in _Users_jeeva_Documents_JRA_jThread_Workspace_microserviceworkspace_service-registry] INFO  o.eclipse.m2e.core.internal.Bundles - 	Entry: /Applications/Eclipse.app/Contents/Eclipse/plugins/org.eclipse.m2e.maven.runtime_3.9.1200.20260112-2306/jars/wagon-file-3.5.3.jar
2026-05-15 15:59:22,574 [Worker-4: Launching Executing clean in _Users_jeeva_Documents_JRA_jThread_Workspace_microserviceworkspace_service-registry] INFO  o.eclipse.m2e.core.internal.Bundles - 	Entry: /Applications/Eclipse.app/Contents/Eclipse/plugins/org.eclipse.m2e.maven.runtime_3.9.1200.20260112-2306/jars/wagon-http-3.5.3.jar
2026-05-15 15:59:22,574 [Worker-4: Launching Executing clean in _Users_jeeva_Documents_JRA_jThread_Workspace_microserviceworkspace_service-registry] INFO  o.eclipse.m2e.core.internal.Bundles - 	Entry: /Applications/Eclipse.app/Contents/Eclipse/plugins/org.eclipse.m2e.maven.runtime_3.9.1200.20260112-2306/jars/wagon-http-shared-3.5.3.jar
2026-05-15 15:59:22,574 [Worker-4: Launching Executing clean in _Users_jeeva_Documents_JRA_jThread_Workspace_microserviceworkspace_service-registry] INFO  o.eclipse.m2e.core.internal.Bundles - 	Entry: /Applications/Eclipse.app/Contents/Eclipse/plugins/org.eclipse.m2e.maven.runtime_3.9.1200.20260112-2306/jars/wagon-provider-api-3.5.3.jar
2026-05-15 15:59:22,574 [Worker-4: Launching Executing clean in _Users_jeeva_Documents_JRA_jThread_Workspace_microserviceworkspace_service-registry] INFO  o.eclipse.m2e.core.internal.Bundles - getClasspathEntries(Bundle=com.google.guava_33.5.0.jre [18])
2026-05-15 15:59:22,574 [Worker-4: Launching Executing clean in _Users_jeeva_Documents_JRA_jThread_Workspace_microserviceworkspace_service-registry] INFO  o.eclipse.m2e.core.internal.Bundles - 	Entry: /Applications/Eclipse.app/Contents/Eclipse/plugins/com.google.guava_33.5.0.jre.jar
2026-05-15 15:59:22,574 [Worker-4: Launching Executing clean in _Users_jeeva_Documents_JRA_jThread_Workspace_microserviceworkspace_service-registry] INFO  o.eclipse.m2e.core.internal.Bundles - getClasspathEntries(Bundle=slf4j.api_2.0.17 [1012])
2026-05-15 15:59:22,574 [Worker-4: Launching Executing clean in _Users_jeeva_Documents_JRA_jThread_Workspace_microserviceworkspace_service-registry] INFO  o.eclipse.m2e.core.internal.Bundles - 	Entry: /Applications/Eclipse.app/Contents/Eclipse/plugins/slf4j.api_2.0.17.jar
2026-05-15 15:59:22,574 [Worker-4: Launching Executing clean in _Users_jeeva_Documents_JRA_jThread_Workspace_microserviceworkspace_service-registry] INFO  o.eclipse.m2e.core.internal.Bundles - getClasspathEntries(Bundle=jakarta.inject.jakarta.inject-api_1.0.5 [35])
2026-05-15 15:59:22,574 [Worker-4: Launching Executing clean in _Users_jeeva_Documents_JRA_jThread_Workspace_microserviceworkspace_service-registry] INFO  o.eclipse.m2e.core.internal.Bundles - 	Entry: /Applications/Eclipse.app/Contents/Eclipse/plugins/jakarta.inject.jakarta.inject-api_1.0.5.jar
2026-05-15 15:59:22,574 [Worker-4: Launching Executing clean in _Users_jeeva_Documents_JRA_jThread_Workspace_microserviceworkspace_service-registry] INFO  o.eclipse.m2e.core.internal.Bundles - getClasspathEntries(Bundle=jakarta.annotation-api_1.3.5 [31])
2026-05-15 15:59:22,574 [Worker-4: Launching Executing clean in _Users_jeeva_Documents_JRA_jThread_Workspace_microserviceworkspace_service-registry] INFO  o.eclipse.m2e.core.internal.Bundles - 	Entry: /Applications/Eclipse.app/Contents/Eclipse/plugins/jakarta.annotation-api_1.3.5.jar
2026-05-15 15:59:22,574 [Worker-4: Launching Executing clean in _Users_jeeva_Documents_JRA_jThread_Workspace_microserviceworkspace_service-registry] INFO  o.eclipse.m2e.core.internal.Bundles - getClasspathEntries(Bundle=org.apache.commons.cli_1.11.0 [83])
2026-05-15 15:59:22,574 [Worker-4: Launching Executing clean in _Users_jeeva_Documents_JRA_jThread_Workspace_microserviceworkspace_service-registry] INFO  o.eclipse.m2e.core.internal.Bundles - 	Entry: /Applications/Eclipse.app/Contents/Eclipse/plugins/org.apache.commons.cli_1.11.0.jar
2026-05-15 15:59:22,574 [Worker-4: Launching Executing clean in _Users_jeeva_Documents_JRA_jThread_Workspace_microserviceworkspace_service-registry] INFO  o.eclipse.m2e.core.internal.Bundles - getClasspathEntries(Bundle=org.apache.commons.commons-codec_1.21.0 [85])
2026-05-15 15:59:22,574 [Worker-4: Launching Executing clean in _Users_jeeva_Documents_JRA_jThread_Workspace_microserviceworkspace_service-registry] INFO  o.eclipse.m2e.core.internal.Bundles - 	Entry: /Applications/Eclipse.app/Contents/Eclipse/plugins/org.apache.commons.commons-codec_1.21.0.jar
2026-05-15 15:59:22,574 [Worker-4: Launching Executing clean in _Users_jeeva_Documents_JRA_jThread_Workspace_microserviceworkspace_service-registry] INFO  o.eclipse.m2e.core.internal.Bundles - getClasspathEntries(Bundle=com.google.guava.failureaccess_1.0.3 [19])
2026-05-15 15:59:22,574 [Worker-4: Launching Executing clean in _Users_jeeva_Documents_JRA_jThread_Workspace_microserviceworkspace_service-registry] INFO  o.eclipse.m2e.core.internal.Bundles - 	Entry: /Applications/Eclipse.app/Contents/Eclipse/plugins/com.google.guava.failureaccess_1.0.3.jar
2026-05-15 15:59:22,574 [Worker-4: Launching Executing clean in _Users_jeeva_Documents_JRA_jThread_Workspace_microserviceworkspace_service-registry] INFO  o.e.m.i.launch.MavenLaunchDelegate - Run build in "/Users/jeeva/Documents/JRA/jThread/Workspace/microserviceworkspace/service-registry":
2026-05-15 15:59:22,574 [Worker-4: Launching Executing clean in _Users_jeeva_Documents_JRA_jThread_Workspace_microserviceworkspace_service-registry] INFO  o.e.m.i.launch.MavenLaunchDelegate -  mvn  -B -Dstyle.color=always clean
2026-05-15 15:59:23,337 [Worker-27: Building] INFO  o.a.m.s.f.DefaultMavenResourcesFiltering - Copying 1 resource from src/main/resources to target/classes
2026-05-15 15:59:23,337 [Worker-27: Building] INFO  o.a.m.s.f.DefaultMavenResourcesFiltering - Copying 0 resource from src/main/resources to target/classes
2026-05-15 15:59:23,338 [Worker-27: Building] INFO  o.a.m.s.f.DefaultMavenResourcesFiltering - skip non existing resourceDirectory /Users/jeeva/Documents/JRA/jThread/Workspace/microserviceworkspace/service-registry/src/test/resources
2026-05-15 15:59:23,341 [Worker-27: Building] WARN  o.apache.maven.project.MavenProject - Plugin is modifying compileSourceRoots through clear(), which will not work in Maven 4.0.0. Use MavenProject.addCompileSourceRoot()/removeCompileSourceRoot() methods instead. If using a plugin, please upgrade to the latest version or report the issue to the plugin maintainer. To disable these warnings, set -Dmaven.project.sourceRoots.warningsDisabled=true on the command line, in the .mvn/maven.config file, or in project POM properties.
2026-05-15 15:59:23,341 [Worker-27: Building] WARN  o.apache.maven.project.MavenProject - Plugin is modifying compileSourceRoots through add(), which will not work in Maven 4.0.0. Use MavenProject.addCompileSourceRoot()/removeCompileSourceRoot() methods instead. If using a plugin, please upgrade to the latest version or report the issue to the plugin maintainer. To disable these warnings, set -Dmaven.project.sourceRoots.warningsDisabled=true on the command line, in the .mvn/maven.config file, or in project POM properties.
2026-05-15 15:59:23,341 [Worker-27: Building] WARN  o.apache.maven.project.MavenProject - Plugin is modifying testCompileSourceRoots through clear(), which will not work in Maven 4.0.0. Use MavenProject.addTestCompileSourceRoot()/removeTestCompileSourceRoot() methods instead. If using a plugin, please upgrade to the latest version or report the issue to the plugin maintainer. To disable these warnings, set -Dmaven.project.sourceRoots.warningsDisabled=true on the command line, in the .mvn/maven.config file, or in project POM properties.
2026-05-15 15:59:23,341 [Worker-27: Building] WARN  o.apache.maven.project.MavenProject - Plugin is modifying testCompileSourceRoots through add(), which will not work in Maven 4.0.0. Use MavenProject.addTestCompileSourceRoot()/removeTestCompileSourceRoot() methods instead. If using a plugin, please upgrade to the latest version or report the issue to the plugin maintainer. To disable these warnings, set -Dmaven.project.sourceRoots.warningsDisabled=true on the command line, in the .mvn/maven.config file, or in project POM properties.
2026-05-15 15:59:28,829 [main] INFO  o.e.m2e.actions.ExecutePomAction - Creating new launch configuration
2026-05-15 15:59:40,019 [Worker-11: Launching service-registry] INFO  o.eclipse.m2e.core.internal.Bundles - getClasspathEntries(Bundle=org.eclipse.m2e.maven.runtime_3.9.1200.20260112-2306 [647])
2026-05-15 15:59:40,019 [Worker-11: Launching service-registry] INFO  o.eclipse.m2e.core.internal.Bundles - 	Entry: /Applications/Eclipse.app/Contents/Eclipse/plugins/org.eclipse.m2e.maven.runtime_3.9.1200.20260112-2306
2026-05-15 15:59:40,019 [Worker-11: Launching service-registry] INFO  o.eclipse.m2e.core.internal.Bundles - 	Entry: /Applications/Eclipse.app/Contents/Eclipse/plugins/org.eclipse.m2e.maven.runtime_3.9.1200.20260112-2306/jars/aopalliance-1.0.jar
2026-05-15 15:59:40,019 [Worker-11: Launching service-registry] INFO  o.eclipse.m2e.core.internal.Bundles - 	Entry: /Applications/Eclipse.app/Contents/Eclipse/plugins/org.eclipse.m2e.maven.runtime_3.9.1200.20260112-2306/jars/asm-9.9.jar
2026-05-15 15:59:40,019 [Worker-11: Launching service-registry] INFO  o.eclipse.m2e.core.internal.Bundles - 	Entry: /Applications/Eclipse.app/Contents/Eclipse/plugins/org.eclipse.m2e.maven.runtime_3.9.1200.20260112-2306/jars/error_prone_annotations-2.41.0.jar
2026-05-15 15:59:40,019 [Worker-11: Launching service-registry] INFO  o.eclipse.m2e.core.internal.Bundles - 	Entry: /Applications/Eclipse.app/Contents/Eclipse/plugins/org.eclipse.m2e.maven.runtime_3.9.1200.20260112-2306/jars/gson-2.13.2.jar
2026-05-15 15:59:40,019 [Worker-11: Launching service-registry] INFO  o.eclipse.m2e.core.internal.Bundles - 	Entry: /Applications/Eclipse.app/Contents/Eclipse/plugins/org.eclipse.m2e.maven.runtime_3.9.1200.20260112-2306/jars/guice-5.1.0-classes.jar
2026-05-15 15:59:40,019 [Worker-11: Launching service-registry] INFO  o.eclipse.m2e.core.internal.Bundles - 	Entry: /Applications/Eclipse.app/Contents/Eclipse/plugins/org.eclipse.m2e.maven.runtime_3.9.1200.20260112-2306/jars/httpclient-4.5.14.jar
2026-05-15 15:59:40,019 [Worker-11: Launching service-registry] INFO  o.eclipse.m2e.core.internal.Bundles - 	Entry: /Applications/Eclipse.app/Contents/Eclipse/plugins/org.eclipse.m2e.maven.runtime_3.9.1200.20260112-2306/jars/httpcore-4.4.16.jar
2026-05-15 15:59:40,019 [Worker-11: Launching service-registry] INFO  o.eclipse.m2e.core.internal.Bundles - 	Entry: /Applications/Eclipse.app/Contents/Eclipse/plugins/org.eclipse.m2e.maven.runtime_3.9.1200.20260112-2306/jars/jansi-2.4.2.jar
2026-05-15 15:59:40,019 [Worker-11: Launching service-registry] INFO  o.eclipse.m2e.core.internal.Bundles - 	Entry: /Applications/Eclipse.app/Contents/Eclipse/plugins/org.eclipse.m2e.maven.runtime_3.9.1200.20260112-2306/jars/jcl-over-slf4j-1.7.36.jar
2026-05-15 15:59:40,019 [Worker-11: Launching service-registry] INFO  o.eclipse.m2e.core.internal.Bundles - 	Entry: /Applications/Eclipse.app/Contents/Eclipse/plugins/org.eclipse.m2e.maven.runtime_3.9.1200.20260112-2306/jars/maven-artifact-3.9.12.jar
2026-05-15 15:59:40,019 [Worker-11: Launching service-registry] INFO  o.eclipse.m2e.core.internal.Bundles - 	Entry: /Applications/Eclipse.app/Contents/Eclipse/plugins/org.eclipse.m2e.maven.runtime_3.9.1200.20260112-2306/jars/maven-builder-support-3.9.12.jar
2026-05-15 15:59:40,019 [Worker-11: Launching service-registry] INFO  o.eclipse.m2e.core.internal.Bundles - 	Entry: /Applications/Eclipse.app/Contents/Eclipse/plugins/org.eclipse.m2e.maven.runtime_3.9.1200.20260112-2306/jars/maven-compat-3.9.12.jar
2026-05-15 15:59:40,020 [Worker-11: Launching service-registry] INFO  o.eclipse.m2e.core.internal.Bundles - 	Entry: /Applications/Eclipse.app/Contents/Eclipse/plugins/org.eclipse.m2e.maven.runtime_3.9.1200.20260112-2306/jars/maven-core-3.9.12.jar
2026-05-15 15:59:40,020 [Worker-11: Launching service-registry] INFO  o.eclipse.m2e.core.internal.Bundles - 	Entry: /Applications/Eclipse.app/Contents/Eclipse/plugins/org.eclipse.m2e.maven.runtime_3.9.1200.20260112-2306/jars/maven-embedder-3.9.12.jar
2026-05-15 15:59:40,020 [Worker-11: Launching service-registry] INFO  o.eclipse.m2e.core.internal.Bundles - 	Entry: /Applications/Eclipse.app/Contents/Eclipse/plugins/org.eclipse.m2e.maven.runtime_3.9.1200.20260112-2306/jars/maven-model-3.9.12.jar
2026-05-15 15:59:40,020 [Worker-11: Launching service-registry] INFO  o.eclipse.m2e.core.internal.Bundles - 	Entry: /Applications/Eclipse.app/Contents/Eclipse/plugins/org.eclipse.m2e.maven.runtime_3.9.1200.20260112-2306/jars/maven-model-builder-3.9.12.jar
2026-05-15 15:59:40,020 [Worker-11: Launching service-registry] INFO  o.eclipse.m2e.core.internal.Bundles - 	Entry: /Applications/Eclipse.app/Contents/Eclipse/plugins/org.eclipse.m2e.maven.runtime_3.9.1200.20260112-2306/jars/maven-plugin-api-3.9.12.jar
2026-05-15 15:59:40,020 [Worker-11: Launching service-registry] INFO  o.eclipse.m2e.core.internal.Bundles - 	Entry: /Applications/Eclipse.app/Contents/Eclipse/plugins/org.eclipse.m2e.maven.runtime_3.9.1200.20260112-2306/jars/maven-repository-metadata-3.9.12.jar
2026-05-15 15:59:40,020 [Worker-11: Launching service-registry] INFO  o.eclipse.m2e.core.internal.Bundles - 	Entry: /Applications/Eclipse.app/Contents/Eclipse/plugins/org.eclipse.m2e.maven.runtime_3.9.1200.20260112-2306/jars/maven-resolver-api-1.9.25.jar
2026-05-15 15:59:40,020 [Worker-11: Launching service-registry] INFO  o.eclipse.m2e.core.internal.Bundles - 	Entry: /Applications/Eclipse.app/Contents/Eclipse/plugins/org.eclipse.m2e.maven.runtime_3.9.1200.20260112-2306/jars/maven-resolver-connector-basic-1.9.25.jar
2026-05-15 15:59:40,020 [Worker-11: Launching service-registry] INFO  o.eclipse.m2e.core.internal.Bundles - 	Entry: /Applications/Eclipse.app/Contents/Eclipse/plugins/org.eclipse.m2e.maven.runtime_3.9.1200.20260112-2306/jars/maven-resolver-impl-1.9.25.jar
2026-05-15 15:59:40,020 [Worker-11: Launching service-registry] INFO  o.eclipse.m2e.core.internal.Bundles - 	Entry: /Applications/Eclipse.app/Contents/Eclipse/plugins/org.eclipse.m2e.maven.runtime_3.9.1200.20260112-2306/jars/maven-resolver-named-locks-1.9.25.jar
2026-05-15 15:59:40,020 [Worker-11: Launching service-registry] INFO  o.eclipse.m2e.core.internal.Bundles - 	Entry: /Applications/Eclipse.app/Contents/Eclipse/plugins/org.eclipse.m2e.maven.runtime_3.9.1200.20260112-2306/jars/maven-resolver-provider-3.9.12.jar
2026-05-15 15:59:40,020 [Worker-11: Launching service-registry] INFO  o.eclipse.m2e.core.internal.Bundles - 	Entry: /Applications/Eclipse.app/Contents/Eclipse/plugins/org.eclipse.m2e.maven.runtime_3.9.1200.20260112-2306/jars/maven-resolver-spi-1.9.25.jar
2026-05-15 15:59:40,020 [Worker-11: Launching service-registry] INFO  o.eclipse.m2e.core.internal.Bundles - 	Entry: /Applications/Eclipse.app/Contents/Eclipse/plugins/org.eclipse.m2e.maven.runtime_3.9.1200.20260112-2306/jars/maven-resolver-transport-file-1.9.25.jar
2026-05-15 15:59:40,020 [Worker-11: Launching service-registry] INFO  o.eclipse.m2e.core.internal.Bundles - 	Entry: /Applications/Eclipse.app/Contents/Eclipse/plugins/org.eclipse.m2e.maven.runtime_3.9.1200.20260112-2306/jars/maven-resolver-transport-http-1.9.25.jar
2026-05-15 15:59:40,020 [Worker-11: Launching service-registry] INFO  o.eclipse.m2e.core.internal.Bundles - 	Entry: /Applications/Eclipse.app/Contents/Eclipse/plugins/org.eclipse.m2e.maven.runtime_3.9.1200.20260112-2306/jars/maven-resolver-transport-wagon-1.9.25.jar
2026-05-15 15:59:40,020 [Worker-11: Launching service-registry] INFO  o.eclipse.m2e.core.internal.Bundles - 	Entry: /Applications/Eclipse.app/Contents/Eclipse/plugins/org.eclipse.m2e.maven.runtime_3.9.1200.20260112-2306/jars/maven-resolver-util-1.9.25.jar
2026-05-15 15:59:40,020 [Worker-11: Launching service-registry] INFO  o.eclipse.m2e.core.internal.Bundles - 	Entry: /Applications/Eclipse.app/Contents/Eclipse/plugins/org.eclipse.m2e.maven.runtime_3.9.1200.20260112-2306/jars/maven-settings-3.9.12.jar
2026-05-15 15:59:40,020 [Worker-11: Launching service-registry] INFO  o.eclipse.m2e.core.internal.Bundles - 	Entry: /Applications/Eclipse.app/Contents/Eclipse/plugins/org.eclipse.m2e.maven.runtime_3.9.1200.20260112-2306/jars/maven-settings-builder-3.9.12.jar
2026-05-15 15:59:40,020 [Worker-11: Launching service-registry] INFO  o.eclipse.m2e.core.internal.Bundles - 	Entry: /Applications/Eclipse.app/Contents/Eclipse/plugins/org.eclipse.m2e.maven.runtime_3.9.1200.20260112-2306/jars/maven-shared-utils-3.4.2.jar
2026-05-15 15:59:40,020 [Worker-11: Launching service-registry] INFO  o.eclipse.m2e.core.internal.Bundles - 	Entry: /Applications/Eclipse.app/Contents/Eclipse/plugins/org.eclipse.m2e.maven.runtime_3.9.1200.20260112-2306/jars/org.eclipse.sisu.inject-0.9.0.M4.jar
2026-05-15 15:59:40,020 [Worker-11: Launching service-registry] INFO  o.eclipse.m2e.core.internal.Bundles - 	Entry: /Applications/Eclipse.app/Contents/Eclipse/plugins/org.eclipse.m2e.maven.runtime_3.9.1200.20260112-2306/jars/org.eclipse.sisu.plexus-0.9.0.M4.jar
2026-05-15 15:59:40,020 [Worker-11: Launching service-registry] INFO  o.eclipse.m2e.core.internal.Bundles - 	Entry: /Applications/Eclipse.app/Contents/Eclipse/plugins/org.eclipse.m2e.maven.runtime_3.9.1200.20260112-2306/jars/plexus-build-api-0.0.7.jar
2026-05-15 15:59:40,020 [Worker-11: Launching service-registry] INFO  o.eclipse.m2e.core.internal.Bundles - 	Entry: /Applications/Eclipse.app/Contents/Eclipse/plugins/org.eclipse.m2e.maven.runtime_3.9.1200.20260112-2306/jars/plexus-build-api-1.2.0.jar
2026-05-15 15:59:40,020 [Worker-11: Launching service-registry] INFO  o.eclipse.m2e.core.internal.Bundles - 	Entry: /Applications/Eclipse.app/Contents/Eclipse/plugins/org.eclipse.m2e.maven.runtime_3.9.1200.20260112-2306/jars/plexus-cipher-2.0.jar
2026-05-15 15:59:40,020 [Worker-11: Launching service-registry] INFO  o.eclipse.m2e.core.internal.Bundles - 	Entry: /Applications/Eclipse.app/Contents/Eclipse/plugins/org.eclipse.m2e.maven.runtime_3.9.1200.20260112-2306/jars/plexus-classworlds-2.9.0.jar
2026-05-15 15:59:40,020 [Worker-11: Launching service-registry] INFO  o.eclipse.m2e.core.internal.Bundles - 	Entry: /Applications/Eclipse.app/Contents/Eclipse/plugins/org.eclipse.m2e.maven.runtime_3.9.1200.20260112-2306/jars/plexus-component-annotations-2.2.0.jar
2026-05-15 15:59:40,020 [Worker-11: Launching service-registry] INFO  o.eclipse.m2e.core.internal.Bundles - 	Entry: /Applications/Eclipse.app/Contents/Eclipse/plugins/org.eclipse.m2e.maven.runtime_3.9.1200.20260112-2306/jars/plexus-interpolation-1.29.jar
2026-05-15 15:59:40,020 [Worker-11: Launching service-registry] INFO  o.eclipse.m2e.core.internal.Bundles - 	Entry: /Applications/Eclipse.app/Contents/Eclipse/plugins/org.eclipse.m2e.maven.runtime_3.9.1200.20260112-2306/jars/plexus-sec-dispatcher-2.0.jar
2026-05-15 15:59:40,020 [Worker-11: Launching service-registry] INFO  o.eclipse.m2e.core.internal.Bundles - 	Entry: /Applications/Eclipse.app/Contents/Eclipse/plugins/org.eclipse.m2e.maven.runtime_3.9.1200.20260112-2306/jars/plexus-utils-3.6.0.jar
2026-05-15 15:59:40,020 [Worker-11: Launching service-registry] INFO  o.eclipse.m2e.core.internal.Bundles - 	Entry: /Applications/Eclipse.app/Contents/Eclipse/plugins/org.eclipse.m2e.maven.runtime_3.9.1200.20260112-2306/jars/wagon-file-3.5.3.jar
2026-05-15 15:59:40,020 [Worker-11: Launching service-registry] INFO  o.eclipse.m2e.core.internal.Bundles - 	Entry: /Applications/Eclipse.app/Contents/Eclipse/plugins/org.eclipse.m2e.maven.runtime_3.9.1200.20260112-2306/jars/wagon-http-3.5.3.jar
2026-05-15 15:59:40,020 [Worker-11: Launching service-registry] INFO  o.eclipse.m2e.core.internal.Bundles - 	Entry: /Applications/Eclipse.app/Contents/Eclipse/plugins/org.eclipse.m2e.maven.runtime_3.9.1200.20260112-2306/jars/wagon-http-shared-3.5.3.jar
2026-05-15 15:59:40,020 [Worker-11: Launching service-registry] INFO  o.eclipse.m2e.core.internal.Bundles - 	Entry: /Applications/Eclipse.app/Contents/Eclipse/plugins/org.eclipse.m2e.maven.runtime_3.9.1200.20260112-2306/jars/wagon-provider-api-3.5.3.jar
2026-05-15 15:59:40,020 [Worker-11: Launching service-registry] INFO  o.eclipse.m2e.core.internal.Bundles - getClasspathEntries(Bundle=com.google.guava_33.5.0.jre [18])
2026-05-15 15:59:40,020 [Worker-11: Launching service-registry] INFO  o.eclipse.m2e.core.internal.Bundles - 	Entry: /Applications/Eclipse.app/Contents/Eclipse/plugins/com.google.guava_33.5.0.jre.jar
2026-05-15 15:59:40,020 [Worker-11: Launching service-registry] INFO  o.eclipse.m2e.core.internal.Bundles - getClasspathEntries(Bundle=slf4j.api_2.0.17 [1012])
2026-05-15 15:59:40,020 [Worker-11: Launching service-registry] INFO  o.eclipse.m2e.core.internal.Bundles - 	Entry: /Applications/Eclipse.app/Contents/Eclipse/plugins/slf4j.api_2.0.17.jar
2026-05-15 15:59:40,020 [Worker-11: Launching service-registry] INFO  o.eclipse.m2e.core.internal.Bundles - getClasspathEntries(Bundle=jakarta.inject.jakarta.inject-api_1.0.5 [35])
2026-05-15 15:59:40,020 [Worker-11: Launching service-registry] INFO  o.eclipse.m2e.core.internal.Bundles - 	Entry: /Applications/Eclipse.app/Contents/Eclipse/plugins/jakarta.inject.jakarta.inject-api_1.0.5.jar
2026-05-15 15:59:40,020 [Worker-11: Launching service-registry] INFO  o.eclipse.m2e.core.internal.Bundles - getClasspathEntries(Bundle=jakarta.annotation-api_1.3.5 [31])
2026-05-15 15:59:40,020 [Worker-11: Launching service-registry] INFO  o.eclipse.m2e.core.internal.Bundles - 	Entry: /Applications/Eclipse.app/Contents/Eclipse/plugins/jakarta.annotation-api_1.3.5.jar
2026-05-15 15:59:40,020 [Worker-11: Launching service-registry] INFO  o.eclipse.m2e.core.internal.Bundles - getClasspathEntries(Bundle=org.apache.commons.cli_1.11.0 [83])
2026-05-15 15:59:40,020 [Worker-11: Launching service-registry] INFO  o.eclipse.m2e.core.internal.Bundles - 	Entry: /Applications/Eclipse.app/Contents/Eclipse/plugins/org.apache.commons.cli_1.11.0.jar
2026-05-15 15:59:40,020 [Worker-11: Launching service-registry] INFO  o.eclipse.m2e.core.internal.Bundles - getClasspathEntries(Bundle=org.apache.commons.commons-codec_1.21.0 [85])
2026-05-15 15:59:40,020 [Worker-11: Launching service-registry] INFO  o.eclipse.m2e.core.internal.Bundles - 	Entry: /Applications/Eclipse.app/Contents/Eclipse/plugins/org.apache.commons.commons-codec_1.21.0.jar
2026-05-15 15:59:40,020 [Worker-11: Launching service-registry] INFO  o.eclipse.m2e.core.internal.Bundles - getClasspathEntries(Bundle=com.google.guava.failureaccess_1.0.3 [19])
2026-05-15 15:59:40,020 [Worker-11: Launching service-registry] INFO  o.eclipse.m2e.core.internal.Bundles - 	Entry: /Applications/Eclipse.app/Contents/Eclipse/plugins/com.google.guava.failureaccess_1.0.3.jar
2026-05-15 15:59:40,021 [Worker-11: Launching service-registry] INFO  o.e.m.i.launch.MavenLaunchDelegate - Run build in "/Users/jeeva/Documents/JRA/jThread/Workspace/microserviceworkspace/service-registry":
2026-05-15 15:59:40,021 [Worker-11: Launching service-registry] INFO  o.e.m.i.launch.MavenLaunchDelegate -  mvn  -B -Dmaven.test.skip=true -DskipTests -Dstyle.color=always clean install
2026-05-15 15:59:48,396 [main] INFO  o.e.m2e.actions.ExecutePomAction - Creating new launch configuration
2026-05-15 15:59:57,412 [Worker-27: Launching product-service] INFO  o.eclipse.m2e.core.internal.Bundles - getClasspathEntries(Bundle=org.eclipse.m2e.maven.runtime_3.9.1200.20260112-2306 [647])
2026-05-15 15:59:57,412 [Worker-27: Launching product-service] INFO  o.eclipse.m2e.core.internal.Bundles - 	Entry: /Applications/Eclipse.app/Contents/Eclipse/plugins/org.eclipse.m2e.maven.runtime_3.9.1200.20260112-2306
2026-05-15 15:59:57,412 [Worker-27: Launching product-service] INFO  o.eclipse.m2e.core.internal.Bundles - 	Entry: /Applications/Eclipse.app/Contents/Eclipse/plugins/org.eclipse.m2e.maven.runtime_3.9.1200.20260112-2306/jars/aopalliance-1.0.jar
2026-05-15 15:59:57,412 [Worker-27: Launching product-service] INFO  o.eclipse.m2e.core.internal.Bundles - 	Entry: /Applications/Eclipse.app/Contents/Eclipse/plugins/org.eclipse.m2e.maven.runtime_3.9.1200.20260112-2306/jars/asm-9.9.jar
2026-05-15 15:59:57,412 [Worker-27: Launching product-service] INFO  o.eclipse.m2e.core.internal.Bundles - 	Entry: /Applications/Eclipse.app/Contents/Eclipse/plugins/org.eclipse.m2e.maven.runtime_3.9.1200.20260112-2306/jars/error_prone_annotations-2.41.0.jar
2026-05-15 15:59:57,412 [Worker-27: Launching product-service] INFO  o.eclipse.m2e.core.internal.Bundles - 	Entry: /Applications/Eclipse.app/Contents/Eclipse/plugins/org.eclipse.m2e.maven.runtime_3.9.1200.20260112-2306/jars/gson-2.13.2.jar
2026-05-15 15:59:57,412 [Worker-27: Launching product-service] INFO  o.eclipse.m2e.core.internal.Bundles - 	Entry: /Applications/Eclipse.app/Contents/Eclipse/plugins/org.eclipse.m2e.maven.runtime_3.9.1200.20260112-2306/jars/guice-5.1.0-classes.jar
2026-05-15 15:59:57,412 [Worker-27: Launching product-service] INFO  o.eclipse.m2e.core.internal.Bundles - 	Entry: /Applications/Eclipse.app/Contents/Eclipse/plugins/org.eclipse.m2e.maven.runtime_3.9.1200.20260112-2306/jars/httpclient-4.5.14.jar
2026-05-15 15:59:57,412 [Worker-27: Launching product-service] INFO  o.eclipse.m2e.core.internal.Bundles - 	Entry: /Applications/Eclipse.app/Contents/Eclipse/plugins/org.eclipse.m2e.maven.runtime_3.9.1200.20260112-2306/jars/httpcore-4.4.16.jar
2026-05-15 15:59:57,412 [Worker-27: Launching product-service] INFO  o.eclipse.m2e.core.internal.Bundles - 	Entry: /Applications/Eclipse.app/Contents/Eclipse/plugins/org.eclipse.m2e.maven.runtime_3.9.1200.20260112-2306/jars/jansi-2.4.2.jar
2026-05-15 15:59:57,412 [Worker-27: Launching product-service] INFO  o.eclipse.m2e.core.internal.Bundles - 	Entry: /Applications/Eclipse.app/Contents/Eclipse/plugins/org.eclipse.m2e.maven.runtime_3.9.1200.20260112-2306/jars/jcl-over-slf4j-1.7.36.jar
2026-05-15 15:59:57,412 [Worker-27: Launching product-service] INFO  o.eclipse.m2e.core.internal.Bundles - 	Entry: /Applications/Eclipse.app/Contents/Eclipse/plugins/org.eclipse.m2e.maven.runtime_3.9.1200.20260112-2306/jars/maven-artifact-3.9.12.jar
2026-05-15 15:59:57,412 [Worker-27: Launching product-service] INFO  o.eclipse.m2e.core.internal.Bundles - 	Entry: /Applications/Eclipse.app/Contents/Eclipse/plugins/org.eclipse.m2e.maven.runtime_3.9.1200.20260112-2306/jars/maven-builder-support-3.9.12.jar
2026-05-15 15:59:57,412 [Worker-27: Launching product-service] INFO  o.eclipse.m2e.core.internal.Bundles - 	Entry: /Applications/Eclipse.app/Contents/Eclipse/plugins/org.eclipse.m2e.maven.runtime_3.9.1200.20260112-2306/jars/maven-compat-3.9.12.jar
2026-05-15 15:59:57,412 [Worker-27: Launching product-service] INFO  o.eclipse.m2e.core.internal.Bundles - 	Entry: /Applications/Eclipse.app/Contents/Eclipse/plugins/org.eclipse.m2e.maven.runtime_3.9.1200.20260112-2306/jars/maven-core-3.9.12.jar
2026-05-15 15:59:57,412 [Worker-27: Launching product-service] INFO  o.eclipse.m2e.core.internal.Bundles - 	Entry: /Applications/Eclipse.app/Contents/Eclipse/plugins/org.eclipse.m2e.maven.runtime_3.9.1200.20260112-2306/jars/maven-embedder-3.9.12.jar
2026-05-15 15:59:57,412 [Worker-27: Launching product-service] INFO  o.eclipse.m2e.core.internal.Bundles - 	Entry: /Applications/Eclipse.app/Contents/Eclipse/plugins/org.eclipse.m2e.maven.runtime_3.9.1200.20260112-2306/jars/maven-model-3.9.12.jar
2026-05-15 15:59:57,413 [Worker-27: Launching product-service] INFO  o.eclipse.m2e.core.internal.Bundles - 	Entry: /Applications/Eclipse.app/Contents/Eclipse/plugins/org.eclipse.m2e.maven.runtime_3.9.1200.20260112-2306/jars/maven-model-builder-3.9.12.jar
2026-05-15 15:59:57,413 [Worker-27: Launching product-service] INFO  o.eclipse.m2e.core.internal.Bundles - 	Entry: /Applications/Eclipse.app/Contents/Eclipse/plugins/org.eclipse.m2e.maven.runtime_3.9.1200.20260112-2306/jars/maven-plugin-api-3.9.12.jar
2026-05-15 15:59:57,413 [Worker-27: Launching product-service] INFO  o.eclipse.m2e.core.internal.Bundles - 	Entry: /Applications/Eclipse.app/Contents/Eclipse/plugins/org.eclipse.m2e.maven.runtime_3.9.1200.20260112-2306/jars/maven-repository-metadata-3.9.12.jar
2026-05-15 15:59:57,413 [Worker-27: Launching product-service] INFO  o.eclipse.m2e.core.internal.Bundles - 	Entry: /Applications/Eclipse.app/Contents/Eclipse/plugins/org.eclipse.m2e.maven.runtime_3.9.1200.20260112-2306/jars/maven-resolver-api-1.9.25.jar
2026-05-15 15:59:57,413 [Worker-27: Launching product-service] INFO  o.eclipse.m2e.core.internal.Bundles - 	Entry: /Applications/Eclipse.app/Contents/Eclipse/plugins/org.eclipse.m2e.maven.runtime_3.9.1200.20260112-2306/jars/maven-resolver-connector-basic-1.9.25.jar
2026-05-15 15:59:57,413 [Worker-27: Launching product-service] INFO  o.eclipse.m2e.core.internal.Bundles - 	Entry: /Applications/Eclipse.app/Contents/Eclipse/plugins/org.eclipse.m2e.maven.runtime_3.9.1200.20260112-2306/jars/maven-resolver-impl-1.9.25.jar
2026-05-15 15:59:57,413 [Worker-27: Launching product-service] INFO  o.eclipse.m2e.core.internal.Bundles - 	Entry: /Applications/Eclipse.app/Contents/Eclipse/plugins/org.eclipse.m2e.maven.runtime_3.9.1200.20260112-2306/jars/maven-resolver-named-locks-1.9.25.jar
2026-05-15 15:59:57,413 [Worker-27: Launching product-service] INFO  o.eclipse.m2e.core.internal.Bundles - 	Entry: /Applications/Eclipse.app/Contents/Eclipse/plugins/org.eclipse.m2e.maven.runtime_3.9.1200.20260112-2306/jars/maven-resolver-provider-3.9.12.jar
2026-05-15 15:59:57,413 [Worker-27: Launching product-service] INFO  o.eclipse.m2e.core.internal.Bundles - 	Entry: /Applications/Eclipse.app/Contents/Eclipse/plugins/org.eclipse.m2e.maven.runtime_3.9.1200.20260112-2306/jars/maven-resolver-spi-1.9.25.jar
2026-05-15 15:59:57,413 [Worker-27: Launching product-service] INFO  o.eclipse.m2e.core.internal.Bundles - 	Entry: /Applications/Eclipse.app/Contents/Eclipse/plugins/org.eclipse.m2e.maven.runtime_3.9.1200.20260112-2306/jars/maven-resolver-transport-file-1.9.25.jar
2026-05-15 15:59:57,413 [Worker-27: Launching product-service] INFO  o.eclipse.m2e.core.internal.Bundles - 	Entry: /Applications/Eclipse.app/Contents/Eclipse/plugins/org.eclipse.m2e.maven.runtime_3.9.1200.20260112-2306/jars/maven-resolver-transport-http-1.9.25.jar
2026-05-15 15:59:57,413 [Worker-27: Launching product-service] INFO  o.eclipse.m2e.core.internal.Bundles - 	Entry: /Applications/Eclipse.app/Contents/Eclipse/plugins/org.eclipse.m2e.maven.runtime_3.9.1200.20260112-2306/jars/maven-resolver-transport-wagon-1.9.25.jar
2026-05-15 15:59:57,413 [Worker-27: Launching product-service] INFO  o.eclipse.m2e.core.internal.Bundles - 	Entry: /Applications/Eclipse.app/Contents/Eclipse/plugins/org.eclipse.m2e.maven.runtime_3.9.1200.20260112-2306/jars/maven-resolver-util-1.9.25.jar
2026-05-15 15:59:57,413 [Worker-27: Launching product-service] INFO  o.eclipse.m2e.core.internal.Bundles - 	Entry: /Applications/Eclipse.app/Contents/Eclipse/plugins/org.eclipse.m2e.maven.runtime_3.9.1200.20260112-2306/jars/maven-settings-3.9.12.jar
2026-05-15 15:59:57,413 [Worker-27: Launching product-service] INFO  o.eclipse.m2e.core.internal.Bundles - 	Entry: /Applications/Eclipse.app/Contents/Eclipse/plugins/org.eclipse.m2e.maven.runtime_3.9.1200.20260112-2306/jars/maven-settings-builder-3.9.12.jar
2026-05-15 15:59:57,413 [Worker-27: Launching product-service] INFO  o.eclipse.m2e.core.internal.Bundles - 	Entry: /Applications/Eclipse.app/Contents/Eclipse/plugins/org.eclipse.m2e.maven.runtime_3.9.1200.20260112-2306/jars/maven-shared-utils-3.4.2.jar
2026-05-15 15:59:57,413 [Worker-27: Launching product-service] INFO  o.eclipse.m2e.core.internal.Bundles - 	Entry: /Applications/Eclipse.app/Contents/Eclipse/plugins/org.eclipse.m2e.maven.runtime_3.9.1200.20260112-2306/jars/org.eclipse.sisu.inject-0.9.0.M4.jar
2026-05-15 15:59:57,413 [Worker-27: Launching product-service] INFO  o.eclipse.m2e.core.internal.Bundles - 	Entry: /Applications/Eclipse.app/Contents/Eclipse/plugins/org.eclipse.m2e.maven.runtime_3.9.1200.20260112-2306/jars/org.eclipse.sisu.plexus-0.9.0.M4.jar
2026-05-15 15:59:57,413 [Worker-27: Launching product-service] INFO  o.eclipse.m2e.core.internal.Bundles - 	Entry: /Applications/Eclipse.app/Contents/Eclipse/plugins/org.eclipse.m2e.maven.runtime_3.9.1200.20260112-2306/jars/plexus-build-api-0.0.7.jar
2026-05-15 15:59:57,413 [Worker-27: Launching product-service] INFO  o.eclipse.m2e.core.internal.Bundles - 	Entry: /Applications/Eclipse.app/Contents/Eclipse/plugins/org.eclipse.m2e.maven.runtime_3.9.1200.20260112-2306/jars/plexus-build-api-1.2.0.jar
2026-05-15 15:59:57,413 [Worker-27: Launching product-service] INFO  o.eclipse.m2e.core.internal.Bundles - 	Entry: /Applications/Eclipse.app/Contents/Eclipse/plugins/org.eclipse.m2e.maven.runtime_3.9.1200.20260112-2306/jars/plexus-cipher-2.0.jar
2026-05-15 15:59:57,413 [Worker-27: Launching product-service] INFO  o.eclipse.m2e.core.internal.Bundles - 	Entry: /Applications/Eclipse.app/Contents/Eclipse/plugins/org.eclipse.m2e.maven.runtime_3.9.1200.20260112-2306/jars/plexus-classworlds-2.9.0.jar
2026-05-15 15:59:57,413 [Worker-27: Launching product-service] INFO  o.eclipse.m2e.core.internal.Bundles - 	Entry: /Applications/Eclipse.app/Contents/Eclipse/plugins/org.eclipse.m2e.maven.runtime_3.9.1200.20260112-2306/jars/plexus-component-annotations-2.2.0.jar
2026-05-15 15:59:57,413 [Worker-27: Launching product-service] INFO  o.eclipse.m2e.core.internal.Bundles - 	Entry: /Applications/Eclipse.app/Contents/Eclipse/plugins/org.eclipse.m2e.maven.runtime_3.9.1200.20260112-2306/jars/plexus-interpolation-1.29.jar
2026-05-15 15:59:57,413 [Worker-27: Launching product-service] INFO  o.eclipse.m2e.core.internal.Bundles - 	Entry: /Applications/Eclipse.app/Contents/Eclipse/plugins/org.eclipse.m2e.maven.runtime_3.9.1200.20260112-2306/jars/plexus-sec-dispatcher-2.0.jar
2026-05-15 15:59:57,413 [Worker-27: Launching product-service] INFO  o.eclipse.m2e.core.internal.Bundles - 	Entry: /Applications/Eclipse.app/Contents/Eclipse/plugins/org.eclipse.m2e.maven.runtime_3.9.1200.20260112-2306/jars/plexus-utils-3.6.0.jar
2026-05-15 15:59:57,413 [Worker-27: Launching product-service] INFO  o.eclipse.m2e.core.internal.Bundles - 	Entry: /Applications/Eclipse.app/Contents/Eclipse/plugins/org.eclipse.m2e.maven.runtime_3.9.1200.20260112-2306/jars/wagon-file-3.5.3.jar
2026-05-15 15:59:57,413 [Worker-27: Launching product-service] INFO  o.eclipse.m2e.core.internal.Bundles - 	Entry: /Applications/Eclipse.app/Contents/Eclipse/plugins/org.eclipse.m2e.maven.runtime_3.9.1200.20260112-2306/jars/wagon-http-3.5.3.jar
2026-05-15 15:59:57,413 [Worker-27: Launching product-service] INFO  o.eclipse.m2e.core.internal.Bundles - 	Entry: /Applications/Eclipse.app/Contents/Eclipse/plugins/org.eclipse.m2e.maven.runtime_3.9.1200.20260112-2306/jars/wagon-http-shared-3.5.3.jar
2026-05-15 15:59:57,413 [Worker-27: Launching product-service] INFO  o.eclipse.m2e.core.internal.Bundles - 	Entry: /Applications/Eclipse.app/Contents/Eclipse/plugins/org.eclipse.m2e.maven.runtime_3.9.1200.20260112-2306/jars/wagon-provider-api-3.5.3.jar
2026-05-15 15:59:57,413 [Worker-27: Launching product-service] INFO  o.eclipse.m2e.core.internal.Bundles - getClasspathEntries(Bundle=com.google.guava_33.5.0.jre [18])
2026-05-15 15:59:57,413 [Worker-27: Launching product-service] INFO  o.eclipse.m2e.core.internal.Bundles - 	Entry: /Applications/Eclipse.app/Contents/Eclipse/plugins/com.google.guava_33.5.0.jre.jar
2026-05-15 15:59:57,413 [Worker-27: Launching product-service] INFO  o.eclipse.m2e.core.internal.Bundles - getClasspathEntries(Bundle=slf4j.api_2.0.17 [1012])
2026-05-15 15:59:57,413 [Worker-27: Launching product-service] INFO  o.eclipse.m2e.core.internal.Bundles - 	Entry: /Applications/Eclipse.app/Contents/Eclipse/plugins/slf4j.api_2.0.17.jar
2026-05-15 15:59:57,413 [Worker-27: Launching product-service] INFO  o.eclipse.m2e.core.internal.Bundles - getClasspathEntries(Bundle=jakarta.inject.jakarta.inject-api_1.0.5 [35])
2026-05-15 15:59:57,413 [Worker-27: Launching product-service] INFO  o.eclipse.m2e.core.internal.Bundles - 	Entry: /Applications/Eclipse.app/Contents/Eclipse/plugins/jakarta.inject.jakarta.inject-api_1.0.5.jar
2026-05-15 15:59:57,413 [Worker-27: Launching product-service] INFO  o.eclipse.m2e.core.internal.Bundles - getClasspathEntries(Bundle=jakarta.annotation-api_1.3.5 [31])
2026-05-15 15:59:57,413 [Worker-27: Launching product-service] INFO  o.eclipse.m2e.core.internal.Bundles - 	Entry: /Applications/Eclipse.app/Contents/Eclipse/plugins/jakarta.annotation-api_1.3.5.jar
2026-05-15 15:59:57,413 [Worker-27: Launching product-service] INFO  o.eclipse.m2e.core.internal.Bundles - getClasspathEntries(Bundle=org.apache.commons.cli_1.11.0 [83])
2026-05-15 15:59:57,413 [Worker-27: Launching product-service] INFO  o.eclipse.m2e.core.internal.Bundles - 	Entry: /Applications/Eclipse.app/Contents/Eclipse/plugins/org.apache.commons.cli_1.11.0.jar
2026-05-15 15:59:57,413 [Worker-27: Launching product-service] INFO  o.eclipse.m2e.core.internal.Bundles - getClasspathEntries(Bundle=org.apache.commons.commons-codec_1.21.0 [85])
2026-05-15 15:59:57,413 [Worker-27: Launching product-service] INFO  o.eclipse.m2e.core.internal.Bundles - 	Entry: /Applications/Eclipse.app/Contents/Eclipse/plugins/org.apache.commons.commons-codec_1.21.0.jar
2026-05-15 15:59:57,413 [Worker-27: Launching product-service] INFO  o.eclipse.m2e.core.internal.Bundles - getClasspathEntries(Bundle=com.google.guava.failureaccess_1.0.3 [19])
2026-05-15 15:59:57,413 [Worker-27: Launching product-service] INFO  o.eclipse.m2e.core.internal.Bundles - 	Entry: /Applications/Eclipse.app/Contents/Eclipse/plugins/com.google.guava.failureaccess_1.0.3.jar
2026-05-15 15:59:57,413 [Worker-27: Launching product-service] INFO  o.e.m.i.launch.MavenLaunchDelegate - Run build in "/Users/jeeva/Documents/JRA/jThread/Workspace/microserviceworkspace/product-service":
2026-05-15 15:59:57,413 [Worker-27: Launching product-service] INFO  o.e.m.i.launch.MavenLaunchDelegate -  mvn  -B -Dmaven.test.skip=true -DskipTests -Dstyle.color=always clean install
2026-05-15 16:00:05,875 [main] INFO  o.e.m2e.actions.ExecutePomAction - Creating new launch configuration
2026-05-15 16:00:14,480 [Worker-14: Launching order-service] INFO  o.eclipse.m2e.core.internal.Bundles - getClasspathEntries(Bundle=org.eclipse.m2e.maven.runtime_3.9.1200.20260112-2306 [647])
2026-05-15 16:00:14,480 [Worker-14: Launching order-service] INFO  o.eclipse.m2e.core.internal.Bundles - 	Entry: /Applications/Eclipse.app/Contents/Eclipse/plugins/org.eclipse.m2e.maven.runtime_3.9.1200.20260112-2306
2026-05-15 16:00:14,480 [Worker-14: Launching order-service] INFO  o.eclipse.m2e.core.internal.Bundles - 	Entry: /Applications/Eclipse.app/Contents/Eclipse/plugins/org.eclipse.m2e.maven.runtime_3.9.1200.20260112-2306/jars/aopalliance-1.0.jar
2026-05-15 16:00:14,480 [Worker-14: Launching order-service] INFO  o.eclipse.m2e.core.internal.Bundles - 	Entry: /Applications/Eclipse.app/Contents/Eclipse/plugins/org.eclipse.m2e.maven.runtime_3.9.1200.20260112-2306/jars/asm-9.9.jar
2026-05-15 16:00:14,480 [Worker-14: Launching order-service] INFO  o.eclipse.m2e.core.internal.Bundles - 	Entry: /Applications/Eclipse.app/Contents/Eclipse/plugins/org.eclipse.m2e.maven.runtime_3.9.1200.20260112-2306/jars/error_prone_annotations-2.41.0.jar
2026-05-15 16:00:14,480 [Worker-14: Launching order-service] INFO  o.eclipse.m2e.core.internal.Bundles - 	Entry: /Applications/Eclipse.app/Contents/Eclipse/plugins/org.eclipse.m2e.maven.runtime_3.9.1200.20260112-2306/jars/gson-2.13.2.jar
2026-05-15 16:00:14,480 [Worker-14: Launching order-service] INFO  o.eclipse.m2e.core.internal.Bundles - 	Entry: /Applications/Eclipse.app/Contents/Eclipse/plugins/org.eclipse.m2e.maven.runtime_3.9.1200.20260112-2306/jars/guice-5.1.0-classes.jar
2026-05-15 16:00:14,480 [Worker-14: Launching order-service] INFO  o.eclipse.m2e.core.internal.Bundles - 	Entry: /Applications/Eclipse.app/Contents/Eclipse/plugins/org.eclipse.m2e.maven.runtime_3.9.1200.20260112-2306/jars/httpclient-4.5.14.jar
2026-05-15 16:00:14,480 [Worker-14: Launching order-service] INFO  o.eclipse.m2e.core.internal.Bundles - 	Entry: /Applications/Eclipse.app/Contents/Eclipse/plugins/org.eclipse.m2e.maven.runtime_3.9.1200.20260112-2306/jars/httpcore-4.4.16.jar
2026-05-15 16:00:14,480 [Worker-14: Launching order-service] INFO  o.eclipse.m2e.core.internal.Bundles - 	Entry: /Applications/Eclipse.app/Contents/Eclipse/plugins/org.eclipse.m2e.maven.runtime_3.9.1200.20260112-2306/jars/jansi-2.4.2.jar
2026-05-15 16:00:14,480 [Worker-14: Launching order-service] INFO  o.eclipse.m2e.core.internal.Bundles - 	Entry: /Applications/Eclipse.app/Contents/Eclipse/plugins/org.eclipse.m2e.maven.runtime_3.9.1200.20260112-2306/jars/jcl-over-slf4j-1.7.36.jar
2026-05-15 16:00:14,480 [Worker-14: Launching order-service] INFO  o.eclipse.m2e.core.internal.Bundles - 	Entry: /Applications/Eclipse.app/Contents/Eclipse/plugins/org.eclipse.m2e.maven.runtime_3.9.1200.20260112-2306/jars/maven-artifact-3.9.12.jar
2026-05-15 16:00:14,480 [Worker-14: Launching order-service] INFO  o.eclipse.m2e.core.internal.Bundles - 	Entry: /Applications/Eclipse.app/Contents/Eclipse/plugins/org.eclipse.m2e.maven.runtime_3.9.1200.20260112-2306/jars/maven-builder-support-3.9.12.jar
2026-05-15 16:00:14,481 [Worker-14: Launching order-service] INFO  o.eclipse.m2e.core.internal.Bundles - 	Entry: /Applications/Eclipse.app/Contents/Eclipse/plugins/org.eclipse.m2e.maven.runtime_3.9.1200.20260112-2306/jars/maven-compat-3.9.12.jar
2026-05-15 16:00:14,481 [Worker-14: Launching order-service] INFO  o.eclipse.m2e.core.internal.Bundles - 	Entry: /Applications/Eclipse.app/Contents/Eclipse/plugins/org.eclipse.m2e.maven.runtime_3.9.1200.20260112-2306/jars/maven-core-3.9.12.jar
2026-05-15 16:00:14,481 [Worker-14: Launching order-service] INFO  o.eclipse.m2e.core.internal.Bundles - 	Entry: /Applications/Eclipse.app/Contents/Eclipse/plugins/org.eclipse.m2e.maven.runtime_3.9.1200.20260112-2306/jars/maven-embedder-3.9.12.jar
2026-05-15 16:00:14,481 [Worker-14: Launching order-service] INFO  o.eclipse.m2e.core.internal.Bundles - 	Entry: /Applications/Eclipse.app/Contents/Eclipse/plugins/org.eclipse.m2e.maven.runtime_3.9.1200.20260112-2306/jars/maven-model-3.9.12.jar
2026-05-15 16:00:14,481 [Worker-14: Launching order-service] INFO  o.eclipse.m2e.core.internal.Bundles - 	Entry: /Applications/Eclipse.app/Contents/Eclipse/plugins/org.eclipse.m2e.maven.runtime_3.9.1200.20260112-2306/jars/maven-model-builder-3.9.12.jar
2026-05-15 16:00:14,481 [Worker-14: Launching order-service] INFO  o.eclipse.m2e.core.internal.Bundles - 	Entry: /Applications/Eclipse.app/Contents/Eclipse/plugins/org.eclipse.m2e.maven.runtime_3.9.1200.20260112-2306/jars/maven-plugin-api-3.9.12.jar
2026-05-15 16:00:14,481 [Worker-14: Launching order-service] INFO  o.eclipse.m2e.core.internal.Bundles - 	Entry: /Applications/Eclipse.app/Contents/Eclipse/plugins/org.eclipse.m2e.maven.runtime_3.9.1200.20260112-2306/jars/maven-repository-metadata-3.9.12.jar
2026-05-15 16:00:14,481 [Worker-14: Launching order-service] INFO  o.eclipse.m2e.core.internal.Bundles - 	Entry: /Applications/Eclipse.app/Contents/Eclipse/plugins/org.eclipse.m2e.maven.runtime_3.9.1200.20260112-2306/jars/maven-resolver-api-1.9.25.jar
2026-05-15 16:00:14,481 [Worker-14: Launching order-service] INFO  o.eclipse.m2e.core.internal.Bundles - 	Entry: /Applications/Eclipse.app/Contents/Eclipse/plugins/org.eclipse.m2e.maven.runtime_3.9.1200.20260112-2306/jars/maven-resolver-connector-basic-1.9.25.jar
2026-05-15 16:00:14,481 [Worker-14: Launching order-service] INFO  o.eclipse.m2e.core.internal.Bundles - 	Entry: /Applications/Eclipse.app/Contents/Eclipse/plugins/org.eclipse.m2e.maven.runtime_3.9.1200.20260112-2306/jars/maven-resolver-impl-1.9.25.jar
2026-05-15 16:00:14,481 [Worker-14: Launching order-service] INFO  o.eclipse.m2e.core.internal.Bundles - 	Entry: /Applications/Eclipse.app/Contents/Eclipse/plugins/org.eclipse.m2e.maven.runtime_3.9.1200.20260112-2306/jars/maven-resolver-named-locks-1.9.25.jar
2026-05-15 16:00:14,481 [Worker-14: Launching order-service] INFO  o.eclipse.m2e.core.internal.Bundles - 	Entry: /Applications/Eclipse.app/Contents/Eclipse/plugins/org.eclipse.m2e.maven.runtime_3.9.1200.20260112-2306/jars/maven-resolver-provider-3.9.12.jar
2026-05-15 16:00:14,481 [Worker-14: Launching order-service] INFO  o.eclipse.m2e.core.internal.Bundles - 	Entry: /Applications/Eclipse.app/Contents/Eclipse/plugins/org.eclipse.m2e.maven.runtime_3.9.1200.20260112-2306/jars/maven-resolver-spi-1.9.25.jar
2026-05-15 16:00:14,481 [Worker-14: Launching order-service] INFO  o.eclipse.m2e.core.internal.Bundles - 	Entry: /Applications/Eclipse.app/Contents/Eclipse/plugins/org.eclipse.m2e.maven.runtime_3.9.1200.20260112-2306/jars/maven-resolver-transport-file-1.9.25.jar
2026-05-15 16:00:14,481 [Worker-14: Launching order-service] INFO  o.eclipse.m2e.core.internal.Bundles - 	Entry: /Applications/Eclipse.app/Contents/Eclipse/plugins/org.eclipse.m2e.maven.runtime_3.9.1200.20260112-2306/jars/maven-resolver-transport-http-1.9.25.jar
2026-05-15 16:00:14,481 [Worker-14: Launching order-service] INFO  o.eclipse.m2e.core.internal.Bundles - 	Entry: /Applications/Eclipse.app/Contents/Eclipse/plugins/org.eclipse.m2e.maven.runtime_3.9.1200.20260112-2306/jars/maven-resolver-transport-wagon-1.9.25.jar
2026-05-15 16:00:14,481 [Worker-14: Launching order-service] INFO  o.eclipse.m2e.core.internal.Bundles - 	Entry: /Applications/Eclipse.app/Contents/Eclipse/plugins/org.eclipse.m2e.maven.runtime_3.9.1200.20260112-2306/jars/maven-resolver-util-1.9.25.jar
2026-05-15 16:00:14,481 [Worker-14: Launching order-service] INFO  o.eclipse.m2e.core.internal.Bundles - 	Entry: /Applications/Eclipse.app/Contents/Eclipse/plugins/org.eclipse.m2e.maven.runtime_3.9.1200.20260112-2306/jars/maven-settings-3.9.12.jar
2026-05-15 16:00:14,481 [Worker-14: Launching order-service] INFO  o.eclipse.m2e.core.internal.Bundles - 	Entry: /Applications/Eclipse.app/Contents/Eclipse/plugins/org.eclipse.m2e.maven.runtime_3.9.1200.20260112-2306/jars/maven-settings-builder-3.9.12.jar
2026-05-15 16:00:14,481 [Worker-14: Launching order-service] INFO  o.eclipse.m2e.core.internal.Bundles - 	Entry: /Applications/Eclipse.app/Contents/Eclipse/plugins/org.eclipse.m2e.maven.runtime_3.9.1200.20260112-2306/jars/maven-shared-utils-3.4.2.jar
2026-05-15 16:00:14,481 [Worker-14: Launching order-service] INFO  o.eclipse.m2e.core.internal.Bundles - 	Entry: /Applications/Eclipse.app/Contents/Eclipse/plugins/org.eclipse.m2e.maven.runtime_3.9.1200.20260112-2306/jars/org.eclipse.sisu.inject-0.9.0.M4.jar
2026-05-15 16:00:14,481 [Worker-14: Launching order-service] INFO  o.eclipse.m2e.core.internal.Bundles - 	Entry: /Applications/Eclipse.app/Contents/Eclipse/plugins/org.eclipse.m2e.maven.runtime_3.9.1200.20260112-2306/jars/org.eclipse.sisu.plexus-0.9.0.M4.jar
2026-05-15 16:00:14,481 [Worker-14: Launching order-service] INFO  o.eclipse.m2e.core.internal.Bundles - 	Entry: /Applications/Eclipse.app/Contents/Eclipse/plugins/org.eclipse.m2e.maven.runtime_3.9.1200.20260112-2306/jars/plexus-build-api-0.0.7.jar
2026-05-15 16:00:14,481 [Worker-14: Launching order-service] INFO  o.eclipse.m2e.core.internal.Bundles - 	Entry: /Applications/Eclipse.app/Contents/Eclipse/plugins/org.eclipse.m2e.maven.runtime_3.9.1200.20260112-2306/jars/plexus-build-api-1.2.0.jar
2026-05-15 16:00:14,481 [Worker-14: Launching order-service] INFO  o.eclipse.m2e.core.internal.Bundles - 	Entry: /Applications/Eclipse.app/Contents/Eclipse/plugins/org.eclipse.m2e.maven.runtime_3.9.1200.20260112-2306/jars/plexus-cipher-2.0.jar
2026-05-15 16:00:14,481 [Worker-14: Launching order-service] INFO  o.eclipse.m2e.core.internal.Bundles - 	Entry: /Applications/Eclipse.app/Contents/Eclipse/plugins/org.eclipse.m2e.maven.runtime_3.9.1200.20260112-2306/jars/plexus-classworlds-2.9.0.jar
2026-05-15 16:00:14,481 [Worker-14: Launching order-service] INFO  o.eclipse.m2e.core.internal.Bundles - 	Entry: /Applications/Eclipse.app/Contents/Eclipse/plugins/org.eclipse.m2e.maven.runtime_3.9.1200.20260112-2306/jars/plexus-component-annotations-2.2.0.jar
2026-05-15 16:00:14,481 [Worker-14: Launching order-service] INFO  o.eclipse.m2e.core.internal.Bundles - 	Entry: /Applications/Eclipse.app/Contents/Eclipse/plugins/org.eclipse.m2e.maven.runtime_3.9.1200.20260112-2306/jars/plexus-interpolation-1.29.jar
2026-05-15 16:00:14,481 [Worker-14: Launching order-service] INFO  o.eclipse.m2e.core.internal.Bundles - 	Entry: /Applications/Eclipse.app/Contents/Eclipse/plugins/org.eclipse.m2e.maven.runtime_3.9.1200.20260112-2306/jars/plexus-sec-dispatcher-2.0.jar
2026-05-15 16:00:14,481 [Worker-14: Launching order-service] INFO  o.eclipse.m2e.core.internal.Bundles - 	Entry: /Applications/Eclipse.app/Contents/Eclipse/plugins/org.eclipse.m2e.maven.runtime_3.9.1200.20260112-2306/jars/plexus-utils-3.6.0.jar
2026-05-15 16:00:14,481 [Worker-14: Launching order-service] INFO  o.eclipse.m2e.core.internal.Bundles - 	Entry: /Applications/Eclipse.app/Contents/Eclipse/plugins/org.eclipse.m2e.maven.runtime_3.9.1200.20260112-2306/jars/wagon-file-3.5.3.jar
2026-05-15 16:00:14,481 [Worker-14: Launching order-service] INFO  o.eclipse.m2e.core.internal.Bundles - 	Entry: /Applications/Eclipse.app/Contents/Eclipse/plugins/org.eclipse.m2e.maven.runtime_3.9.1200.20260112-2306/jars/wagon-http-3.5.3.jar
2026-05-15 16:00:14,481 [Worker-14: Launching order-service] INFO  o.eclipse.m2e.core.internal.Bundles - 	Entry: /Applications/Eclipse.app/Contents/Eclipse/plugins/org.eclipse.m2e.maven.runtime_3.9.1200.20260112-2306/jars/wagon-http-shared-3.5.3.jar
2026-05-15 16:00:14,481 [Worker-14: Launching order-service] INFO  o.eclipse.m2e.core.internal.Bundles - 	Entry: /Applications/Eclipse.app/Contents/Eclipse/plugins/org.eclipse.m2e.maven.runtime_3.9.1200.20260112-2306/jars/wagon-provider-api-3.5.3.jar
2026-05-15 16:00:14,481 [Worker-14: Launching order-service] INFO  o.eclipse.m2e.core.internal.Bundles - getClasspathEntries(Bundle=com.google.guava_33.5.0.jre [18])
2026-05-15 16:00:14,481 [Worker-14: Launching order-service] INFO  o.eclipse.m2e.core.internal.Bundles - 	Entry: /Applications/Eclipse.app/Contents/Eclipse/plugins/com.google.guava_33.5.0.jre.jar
2026-05-15 16:00:14,481 [Worker-14: Launching order-service] INFO  o.eclipse.m2e.core.internal.Bundles - getClasspathEntries(Bundle=slf4j.api_2.0.17 [1012])
2026-05-15 16:00:14,481 [Worker-14: Launching order-service] INFO  o.eclipse.m2e.core.internal.Bundles - 	Entry: /Applications/Eclipse.app/Contents/Eclipse/plugins/slf4j.api_2.0.17.jar
2026-05-15 16:00:14,481 [Worker-14: Launching order-service] INFO  o.eclipse.m2e.core.internal.Bundles - getClasspathEntries(Bundle=jakarta.inject.jakarta.inject-api_1.0.5 [35])
2026-05-15 16:00:14,481 [Worker-14: Launching order-service] INFO  o.eclipse.m2e.core.internal.Bundles - 	Entry: /Applications/Eclipse.app/Contents/Eclipse/plugins/jakarta.inject.jakarta.inject-api_1.0.5.jar
2026-05-15 16:00:14,481 [Worker-14: Launching order-service] INFO  o.eclipse.m2e.core.internal.Bundles - getClasspathEntries(Bundle=jakarta.annotation-api_1.3.5 [31])
2026-05-15 16:00:14,481 [Worker-14: Launching order-service] INFO  o.eclipse.m2e.core.internal.Bundles - 	Entry: /Applications/Eclipse.app/Contents/Eclipse/plugins/jakarta.annotation-api_1.3.5.jar
2026-05-15 16:00:14,481 [Worker-14: Launching order-service] INFO  o.eclipse.m2e.core.internal.Bundles - getClasspathEntries(Bundle=org.apache.commons.cli_1.11.0 [83])
2026-05-15 16:00:14,481 [Worker-14: Launching order-service] INFO  o.eclipse.m2e.core.internal.Bundles - 	Entry: /Applications/Eclipse.app/Contents/Eclipse/plugins/org.apache.commons.cli_1.11.0.jar
2026-05-15 16:00:14,481 [Worker-14: Launching order-service] INFO  o.eclipse.m2e.core.internal.Bundles - getClasspathEntries(Bundle=org.apache.commons.commons-codec_1.21.0 [85])
2026-05-15 16:00:14,481 [Worker-14: Launching order-service] INFO  o.eclipse.m2e.core.internal.Bundles - 	Entry: /Applications/Eclipse.app/Contents/Eclipse/plugins/org.apache.commons.commons-codec_1.21.0.jar
2026-05-15 16:00:14,481 [Worker-14: Launching order-service] INFO  o.eclipse.m2e.core.internal.Bundles - getClasspathEntries(Bundle=com.google.guava.failureaccess_1.0.3 [19])
2026-05-15 16:00:14,481 [Worker-14: Launching order-service] INFO  o.eclipse.m2e.core.internal.Bundles - 	Entry: /Applications/Eclipse.app/Contents/Eclipse/plugins/com.google.guava.failureaccess_1.0.3.jar
2026-05-15 16:00:14,482 [Worker-14: Launching order-service] INFO  o.e.m.i.launch.MavenLaunchDelegate - Run build in "/Users/jeeva/Documents/JRA/jThread/Workspace/microserviceworkspace/order-service":
2026-05-15 16:00:14,482 [Worker-14: Launching order-service] INFO  o.e.m.i.launch.MavenLaunchDelegate -  mvn  -B -Dmaven.test.skip=true -DskipTests -Dstyle.color=always clean install
